"name","category","url","rating","reviews","src_url"
"Freedom Trail","Sights & Landmarks","https://www.tripadvisor.com/Attraction_Review-g60745-d104604-Reviews-Freedom_Trail-Boston_Massachusetts.html","45","17,077 reviews","https://www.tripadvisor.com/Attractions-g60745-Activities-Boston_Massachusetts.html"
"Fenway Park","Sights & Landmarks","https://www.tripadvisor.com/Attraction_Review-g60745-d105250-Reviews-Fenway_Park-Boston_Massachusetts.html","45","16,362 reviews","https://www.tripadvisor.com/Attractions-g60745-Activities-Boston_Massachusetts.html"
"Museum of Fine Arts","Museums","https://www.tripadvisor.com/Attraction_Review-g60745-d105257-Reviews-Museum_of_Fine_Arts-Boston_Massachusetts.html","50","8,027 reviews","https://www.tripadvisor.com/Attractions-g60745-Activities-Boston_Massachusetts.html"
"Boston Tea Party Ships & Museum","Sights & Landmarks","https://www.tripadvisor.com/Attraction_Review-g60745-d103645-Reviews-Boston_Tea_Party_Ships_Museum-Boston_Massachusetts.html","45","6,135 reviews","https://www.tripadvisor.com/Attractions-g60745-Activities-Boston_Massachusetts.html"
"North End","Sights & Landmarks","https://www.tripadvisor.com/Attraction_Review-g60745-d103113-Reviews-North_End-Boston_Massachusetts.html","45","7,038 reviews","https://www.tripadvisor.com/Attractions-g60745-Activities-Boston_Massachusetts.html"
"John F. Kennedy Presidential Museum & Library","Traveler Resources","https://www.tripadvisor.com/Attraction_Review-g60745-d103112-Reviews-John_F_Kennedy_Presidential_Museum_Library-Boston_Massachusetts.html","45","3,848 reviews","https://www.tripadvisor.com/Attractions-g60745-Activities-Boston_Massachusetts.html"
"Boston Public Garden","Nature & Parks","https://www.tripadvisor.com/Attraction_Review-g60745-d103648-Reviews-Boston_Public_Garden-Boston_Massachusetts.html","45","9,708 reviews","https://www.tripadvisor.com/Attractions-g60745-Activities-Boston_Massachusetts.html"
"Samuel Adams Brewery","Food & Drink","https://www.tripadvisor.com/Attraction_Review-g60745-d603272-Reviews-Samuel_Adams_Brewery-Boston_Massachusetts.html","45","2,456 reviews","https://www.tripadvisor.com/Attractions-g60745-Activities-Boston_Massachusetts.html"
"Isabella Stewart Gardner Museum","Nature & Parks","https://www.tripadvisor.com/Attraction_Review-g60745-d108823-Reviews-Isabella_Stewart_Gardner_Museum-Boston_Massachusetts.html","45","3,021 reviews","https://www.tripadvisor.com/Attractions-g60745-Activities-Boston_Massachusetts.html"
"Boston Public Library","Sights & Landmarks","https://www.tripadvisor.com/Attraction_Review-g60745-d104816-Reviews-Boston_Public_Library-Boston_Massachusetts.html","45","3,886 reviews","https://www.tripadvisor.com/Attractions-g60745-Activities-Boston_Massachusetts.html"
"Boston Common","Nature & Parks","https://www.tripadvisor.com/Attraction_Review-g60745-d104795-Reviews-Boston_Common-Boston_Massachusetts.html","45","6,319 reviews","https://www.tripadvisor.com/Attractions-g60745-Activities-Boston_Massachusetts.html"
"Museum of Science","Museums","https://www.tripadvisor.com/Attraction_Review-g60745-d104912-Reviews-Museum_of_Science-Boston_Massachusetts.html","45","3,229 reviews","https://www.tripadvisor.com/Attractions-g60745-Activities-Boston_Massachusetts.html"
"USS Constitution","Sights & Landmarks","https://www.tripadvisor.com/Attraction_Review-g60745-d6825959-Reviews-USS_Constitution-Boston_Massachusetts.html","45","2,161 reviews","https://www.tripadvisor.com/Attractions-g60745-Activities-Boston_Massachusetts.html"
"Quincy Market","Shopping","https://www.tripadvisor.com/Attraction_Review-g60745-d8400863-Reviews-Quincy_Market-Boston_Massachusetts.html","45","3,449 reviews","https://www.tripadvisor.com/Attractions-g60745-Activities-Boston_Massachusetts.html"
"Beacon Hill","Sights & Landmarks","https://www.tripadvisor.com/Attraction_Review-g60745-d142762-Reviews-Beacon_Hill-Boston_Massachusetts.html","45","2,348 reviews","https://www.tripadvisor.com/Attractions-g60745-Activities-Boston_Massachusetts.html"
"USS Constitution Museum","Museums","https://www.tripadvisor.com/Attraction_Review-g60745-d104828-Reviews-USS_Constitution_Museum-Boston_Massachusetts.html","45","3,579 reviews","https://www.tripadvisor.com/Attractions-g60745-Activities-Boston_Massachusetts.html"
"Faneuil Hall Marketplace","Sights & Landmarks","https://www.tripadvisor.com/Attraction_Review-g60745-d104824-Reviews-Faneuil_Hall_Marketplace-Boston_Massachusetts.html","40","7,636 reviews","https://www.tripadvisor.com/Attractions-g60745-Activities-Boston_Massachusetts.html"
"Newbury Street","Sights & Landmarks","https://www.tripadvisor.com/Attraction_Review-g60745-d105255-Reviews-Newbury_Street-Boston_Massachusetts.html","45","2,427 reviews","https://www.tripadvisor.com/Attractions-g60745-Activities-Boston_Massachusetts.html"
"Back Bay","Sights & Landmarks","https://www.tripadvisor.com/Attraction_Review-g60745-d208218-Reviews-Back_Bay-Boston_Massachusetts.html","45","602 reviews","https://www.tripadvisor.com/Attractions-g60745-Activities-Boston_Massachusetts.html"
"The Mapparium","Sights & Landmarks","https://www.tripadvisor.com/Attraction_Review-g60745-d144269-Reviews-The_Mapparium-Boston_Massachusetts.html","45","878 reviews","https://www.tripadvisor.com/Attractions-g60745-Activities-Boston_Massachusetts.html"
"New England Aquarium","Nature & Parks","https://www.tripadvisor.com/Attraction_Review-g60745-d103649-Reviews-New_England_Aquarium-Boston_Massachusetts.html","40","5,536 reviews","https://www.tripadvisor.com/Attractions-g60745-Activities-Boston_Massachusetts.html"
"Boston Children's Museum","Museums","https://www.tripadvisor.com/Attraction_Review-g60745-d103646-Reviews-Boston_Children_s_Museum-Boston_Massachusetts.html","45","967 reviews","https://www.tripadvisor.com/Attractions-g60745-Activities-Boston_Massachusetts.html"
"Old North Church & Historic Site","Sights & Landmarks","https://www.tripadvisor.com/Attraction_Review-g60745-d104871-Reviews-Old_North_Church_Historic_Site-Boston_Massachusetts.html","45","3,008 reviews","https://www.tripadvisor.com/Attractions-g60745-Activities-Boston_Massachusetts.html"
"Castle Island","Nature & Parks","https://www.tripadvisor.com/Attraction_Review-g60745-d103642-Reviews-Castle_Island-Boston_Massachusetts.html","45","509 reviews","https://www.tripadvisor.com/Attractions-g60745-Activities-Boston_Massachusetts.html"
"HarborWalk","Sights & Landmarks","https://www.tripadvisor.com/Attraction_Review-g60745-d1145361-Reviews-HarborWalk-Boston_Massachusetts.html","45","309 reviews","https://www.tripadvisor.com/Attractions-g60745-Activities-Boston_Massachusetts.html"
"Bunker Hill Monument","Sights & Landmarks","https://www.tripadvisor.com/Attraction_Review-g60745-d133763-Reviews-Bunker_Hill_Monument-Boston_Massachusetts.html","45","1,628 reviews","https://www.tripadvisor.com/Attractions-g60745-Activities-Boston_Massachusetts.html"
"Skywalk Observatory","Sights & Landmarks","https://www.tripadvisor.com/Attraction_Review-g60745-d603296-Reviews-Skywalk_Observatory-Boston_Massachusetts.html","45","1,277 reviews","https://www.tripadvisor.com/Attractions-g60745-Activities-Boston_Massachusetts.html"
"New England Holocaust Memorial","Sights & Landmarks","https://www.tripadvisor.com/Attraction_Review-g60745-d104794-Reviews-New_England_Holocaust_Memorial-Boston_Massachusetts.html","45","2,483 reviews","https://www.tripadvisor.com/Attractions-g60745-Activities-Boston_Massachusetts.html"
"Arnold Arboretum","Nature & Parks","https://www.tripadvisor.com/Attraction_Review-g60745-d104571-Reviews-Arnold_Arboretum-Boston_Massachusetts.html","45","647 reviews","https://www.tripadvisor.com/Attractions-g60745-Activities-Boston_Massachusetts.html"
"Charles River Esplanade","Nature & Parks","https://www.tripadvisor.com/Attraction_Review-g60745-d142572-Reviews-Charles_River_Esplanade-Boston_Massachusetts.html","45","719 reviews","https://www.tripadvisor.com/Attractions-g60745-Activities-Boston_Massachusetts.html"
"Copley Square","Points of Interest & Landmarks","https://www.tripadvisor.com/Attraction_Review-g60745-d104793-Reviews-Copley_Square-Boston_Massachusetts.html","45","807 reviews","https://www.tripadvisor.com/Attractions-g60745-Activities-oa30-Boston_Massachusetts.html"
"Waterfront","Neighborhoods","https://www.tripadvisor.com/Attraction_Review-g60745-d559078-Reviews-Waterfront-Boston_Massachusetts.html","45","1,812 reviews","https://www.tripadvisor.com/Attractions-g60745-Activities-oa30-Boston_Massachusetts.html"
"Old State House","Historic Sites","https://www.tripadvisor.com/Attraction_Review-g60745-d104822-Reviews-Old_State_House-Boston_Massachusetts.html","45","1,339 reviews","https://www.tripadvisor.com/Attractions-g60745-Activities-oa30-Boston_Massachusetts.html"
"Prudential Center","Observation Decks & Towers","https://www.tripadvisor.com/Attraction_Review-g60745-d481776-Reviews-Prudential_Center-Boston_Massachusetts.html","40","1,593 reviews","https://www.tripadvisor.com/Attractions-g60745-Activities-oa30-Boston_Massachusetts.html"
"Harpoon Brewery & Beer Hall","Breweries","https://www.tripadvisor.com/Attraction_Review-g60745-d144272-Reviews-Harpoon_Brewery_Beer_Hall-Boston_Massachusetts.html","45","983 reviews","https://www.tripadvisor.com/Attractions-g60745-Activities-oa30-Boston_Massachusetts.html"
"Boston Opera House","Theaters","https://www.tripadvisor.com/Attraction_Review-g60745-d546521-Reviews-Boston_Opera_House-Boston_Massachusetts.html","45","356 reviews","https://www.tripadvisor.com/Attractions-g60745-Activities-oa30-Boston_Massachusetts.html"
"Marriott's Custom House","Architectural Buildings","https://www.tripadvisor.com/Attraction_Review-g60745-d4724568-Reviews-Marriott_s_Custom_House-Boston_Massachusetts.html","45","146 reviews","https://www.tripadvisor.com/Attractions-g60745-Activities-oa30-Boston_Massachusetts.html"
"Boston Public Market","Farmers Markets","https://www.tripadvisor.com/Attraction_Review-g60745-d8505238-Reviews-Boston_Public_Market-Boston_Massachusetts.html","45","411 reviews","https://www.tripadvisor.com/Attractions-g60745-Activities-oa30-Boston_Massachusetts.html"
"Trinity Church","Sacred & Religious Sites","https://www.tripadvisor.com/Attraction_Review-g60745-d105254-Reviews-Trinity_Church-Boston_Massachusetts.html","45","990 reviews","https://www.tripadvisor.com/Attractions-g60745-Activities-oa30-Boston_Massachusetts.html"
"Granary Burying Ground","Cemeteries","https://www.tripadvisor.com/Attraction_Review-g60745-d104909-Reviews-Granary_Burying_Ground-Boston_Massachusetts.html","45","1,573 reviews","https://www.tripadvisor.com/Attractions-g60745-Activities-oa30-Boston_Massachusetts.html"
"The Paul Revere House","Historic Sites","https://www.tripadvisor.com/Attraction_Review-g60745-d103111-Reviews-The_Paul_Revere_House-Boston_Massachusetts.html","40","1,354 reviews","https://www.tripadvisor.com/Attractions-g60745-Activities-oa30-Boston_Massachusetts.html"
"Charlestown Navy Yard","Ships","https://www.tripadvisor.com/Attraction_Review-g60745-d107845-Reviews-Charlestown_Navy_Yard-Boston_Massachusetts.html","45","280 reviews","https://www.tripadvisor.com/Attractions-g60745-Activities-oa30-Boston_Massachusetts.html"
"Acorn Street","Points of Interest & Landmarks","https://www.tripadvisor.com/Attraction_Review-g60745-d481783-Reviews-Acorn_Street-Boston_Massachusetts.html","45","252 reviews","https://www.tripadvisor.com/Attractions-g60745-Activities-oa30-Boston_Massachusetts.html"
"Rose Kennedy Greenway","Parks","https://www.tripadvisor.com/Attraction_Review-g60745-d2186336-Reviews-Rose_Kennedy_Greenway-Boston_Massachusetts.html","45","531 reviews","https://www.tripadvisor.com/Attractions-g60745-Activities-oa30-Boston_Massachusetts.html"
"Massachusetts State House","Government Buildings","https://www.tripadvisor.com/Attraction_Review-g60745-d108740-Reviews-Massachusetts_State_House-Boston_Massachusetts.html","45","731 reviews","https://www.tripadvisor.com/Attractions-g60745-Activities-oa30-Boston_Massachusetts.html"
"The Boston Pops","Symphonies","https://www.tripadvisor.com/Attraction_Review-g60745-d104851-Reviews-The_Boston_Pops-Boston_Massachusetts.html","50","425 reviews","https://www.tripadvisor.com/Attractions-g60745-Activities-oa30-Boston_Massachusetts.html"
"Spectacle Island","Islands","https://www.tripadvisor.com/Attraction_Review-g60745-d659990-Reviews-Spectacle_Island-Boston_Massachusetts.html","45","114 reviews","https://www.tripadvisor.com/Attractions-g60745-Activities-oa30-Boston_Massachusetts.html"
"George's Island","Islands","https://www.tripadvisor.com/Attraction_Review-g60745-d104568-Reviews-George_s_Island-Boston_Massachusetts.html","45","180 reviews","https://www.tripadvisor.com/Attractions-g60745-Activities-oa30-Boston_Massachusetts.html"
"Haymarket","Flea & Street Markets","https://www.tripadvisor.com/Attraction_Review-g60745-d109587-Reviews-Haymarket-Boston_Massachusetts.html","45","131 reviews","https://www.tripadvisor.com/Attractions-g60745-Activities-oa30-Boston_Massachusetts.html"
"Wang Theater","Theaters","https://www.tripadvisor.com/Attraction_Review-g60745-d105246-Reviews-Wang_Theater-Boston_Massachusetts.html","45","149 reviews","https://www.tripadvisor.com/Attractions-g60745-Activities-oa30-Boston_Massachusetts.html"
"Commonwealth Avenue Mall","Parks","https://www.tripadvisor.com/Attraction_Review-g60745-d7273423-Reviews-Commonwealth_Avenue_Mall-Boston_Massachusetts.html","45","83 reviews","https://www.tripadvisor.com/Attractions-g60745-Activities-oa30-Boston_Massachusetts.html"
"King's Chapel","Churches & Cathedrals","https://www.tripadvisor.com/Attraction_Review-g60745-d108742-Reviews-King_s_Chapel-Boston_Massachusetts.html","45","483 reviews","https://www.tripadvisor.com/Attractions-g60745-Activities-oa30-Boston_Massachusetts.html"
"The Printing Office of Edes & Gill","Historic Sites","https://www.tripadvisor.com/Attraction_Review-g60745-d2365310-Reviews-The_Printing_Office_of_Edes_Gill-Boston_Massachusetts.html","45","367 reviews","https://www.tripadvisor.com/Attractions-g60745-Activities-oa30-Boston_Massachusetts.html"
"Frog Pond","Parks","https://www.tripadvisor.com/Attraction_Review-g60745-d1200516-Reviews-Frog_Pond-Boston_Massachusetts.html","40","238 reviews","https://www.tripadvisor.com/Attractions-g60745-Activities-oa30-Boston_Massachusetts.html"
"Edward M. Kennedy Institute for the United States Senate","Specialty Museums","https://www.tripadvisor.com/Attraction_Review-g60745-d7912712-Reviews-Edward_M_Kennedy_Institute_for_the_United_States_Senate-Boston_Massachusetts.html","45","248 reviews","https://www.tripadvisor.com/Attractions-g60745-Activities-oa30-Boston_Massachusetts.html"
"Franklin Park Zoo","Zoos","https://www.tripadvisor.com/Attraction_Review-g60745-d105258-Reviews-Franklin_Park_Zoo-Boston_Massachusetts.html","35","410 reviews","https://www.tripadvisor.com/Attractions-g60745-Activities-oa30-Boston_Massachusetts.html"
"Statue of Paul Revere","Monuments & Statues","https://www.tripadvisor.com/Attraction_Review-g60745-d106786-Reviews-Statue_of_Paul_Revere-Boston_Massachusetts.html","40","264 reviews","https://www.tripadvisor.com/Attractions-g60745-Activities-oa30-Boston_Massachusetts.html"
"The Lawn On D","Parks","https://www.tripadvisor.com/Attraction_Review-g60745-d8525619-Reviews-The_Lawn_On_D-Boston_Massachusetts.html","45","64 reviews","https://www.tripadvisor.com/Attractions-g60745-Activities-oa30-Boston_Massachusetts.html"
"USS Cassin Young","Military Museums","https://www.tripadvisor.com/Attraction_Review-g60745-d8453921-Reviews-USS_Cassin_Young-Boston_Massachusetts.html","45","143 reviews","https://www.tripadvisor.com/Attractions-g60745-Activities-oa30-Boston_Massachusetts.html"
"Old South Church","Historic Sites","https://www.tripadvisor.com/Attraction_Review-g60745-d279055-Reviews-Old_South_Church-Boston_Massachusetts.html","45","239 reviews","https://www.tripadvisor.com/Attractions-g60745-Activities-oa30-Boston_Massachusetts.html"
"The Institute of Contemporary Art","Art Museums","https://www.tripadvisor.com/Attraction_Review-g60745-d133818-Reviews-The_Institute_of_Contemporary_Art-Boston_Massachusetts.html","35","462 reviews","https://www.tripadvisor.com/Attractions-g60745-Activities-oa60-Boston_Massachusetts.html"
"Chinatown","Neighborhoods","https://www.tripadvisor.com/Attraction_Review-g60745-d103114-Reviews-Chinatown-Boston_Massachusetts.html","35","349 reviews","https://www.tripadvisor.com/Attractions-g60745-Activities-oa60-Boston_Massachusetts.html"
"Downeast Cider House","Breweries","https://www.tripadvisor.com/Attraction_Review-g60745-d7809086-Reviews-Downeast_Cider_House-Boston_Massachusetts.html","45","84 reviews","https://www.tripadvisor.com/Attractions-g60745-Activities-oa60-Boston_Massachusetts.html"
"Trillium Brewing Company","Breweries","https://www.tripadvisor.com/Attraction_Review-g60745-d10210757-Reviews-Trillium_Brewing_Company-Boston_Massachusetts.html","45","103 reviews","https://www.tripadvisor.com/Attractions-g60745-Activities-oa60-Boston_Massachusetts.html"
"Charles Street","Points of Interest & Landmarks","https://www.tripadvisor.com/Attraction_Review-g60745-d481780-Reviews-Charles_Street-Boston_Massachusetts.html","45","114 reviews","https://www.tripadvisor.com/Attractions-g60745-Activities-oa60-Boston_Massachusetts.html"
"Bunker Hill","Monuments & Statues","https://www.tripadvisor.com/Attraction_Review-g60745-d106782-Reviews-Bunker_Hill-Boston_Massachusetts.html","40","196 reviews","https://www.tripadvisor.com/Attractions-g60745-Activities-oa60-Boston_Massachusetts.html"
"Boston Convention & Exhibition Center","Conference & Convention Centers","https://www.tripadvisor.com/Attraction_Review-g60745-d546507-Reviews-Boston_Convention_Exhibition_Center-Boston_Massachusetts.html","40","211 reviews","https://www.tripadvisor.com/Attractions-g60745-Activities-oa60-Boston_Massachusetts.html"
"John Hancock Tower","Architectural Buildings","https://www.tripadvisor.com/Attraction_Review-g60745-d103107-Reviews-John_Hancock_Tower-Boston_Massachusetts.html","40","102 reviews","https://www.tripadvisor.com/Attractions-g60745-Activities-oa60-Boston_Massachusetts.html"
"Boylston Street","Points of Interest & Landmarks","https://www.tripadvisor.com/Attraction_Review-g60745-d108920-Reviews-Boylston_Street-Boston_Massachusetts.html","40","131 reviews","https://www.tripadvisor.com/Attractions-g60745-Activities-oa60-Boston_Massachusetts.html"
"Christopher Columbus Waterfront Park","Parks","https://www.tripadvisor.com/Attraction_Review-g60745-d558282-Reviews-Christopher_Columbus_Waterfront_Park-Boston_Massachusetts.html","40","109 reviews","https://www.tripadvisor.com/Attractions-g60745-Activities-oa60-Boston_Massachusetts.html"
"Fan Pier","Piers & Boardwalks","https://www.tripadvisor.com/Attraction_Review-g60745-d663043-Reviews-Fan_Pier-Boston_Massachusetts.html","45","45 reviews","https://www.tripadvisor.com/Attractions-g60745-Activities-oa60-Boston_Massachusetts.html"
"Copley Place","Shopping Malls","https://www.tripadvisor.com/Attraction_Review-g60745-d209258-Reviews-Copley_Place-Boston_Massachusetts.html","40","136 reviews","https://www.tripadvisor.com/Attractions-g60745-Activities-oa60-Boston_Massachusetts.html"
"SoWa Open Market","Farmers Markets","https://www.tripadvisor.com/Attraction_Review-g60745-d10239999-Reviews-SoWa_Open_Market-Boston_Massachusetts.html","40","59 reviews","https://www.tripadvisor.com/Attractions-g60745-Activities-oa60-Boston_Massachusetts.html"
"Boston Athenaeum","Libraries","https://www.tripadvisor.com/Attraction_Review-g60745-d481781-Reviews-Boston_Athenaeum-Boston_Massachusetts.html","45","72 reviews","https://www.tripadvisor.com/Attractions-g60745-Activities-oa60-Boston_Massachusetts.html"
"Symphony Hall","Symphonies","https://www.tripadvisor.com/Attraction_Review-g60745-d216262-Reviews-Symphony_Hall-Boston_Massachusetts.html","45","120 reviews","https://www.tripadvisor.com/Attractions-g60745-Activities-oa60-Boston_Massachusetts.html"
"Boston Massacre Site","Historic Sites","https://www.tripadvisor.com/Attraction_Review-g60745-d142761-Reviews-Boston_Massacre_Site-Boston_Massachusetts.html","40","249 reviews","https://www.tripadvisor.com/Attractions-g60745-Activities-oa60-Boston_Massachusetts.html"
"Ether Dome at Mass General Hospital","Specialty Museums","https://www.tripadvisor.com/Attraction_Review-g60745-d4172035-Reviews-Ether_Dome_at_Mass_General_Hospital-Boston_Massachusetts.html","45","33 reviews","https://www.tripadvisor.com/Attractions-g60745-Activities-oa60-Boston_Massachusetts.html"
"Boston Winery","Wineries & Vineyards","https://www.tripadvisor.com/Attraction_Review-g60745-d11758578-Reviews-Boston_Winery-Boston_Massachusetts.html","45","35 reviews","https://www.tripadvisor.com/Attractions-g60745-Activities-oa60-Boston_Massachusetts.html"
"Dreamland Wax Museum","Specialty Museums","https://www.tripadvisor.com/Attraction_Review-g60745-d13153448-Reviews-Dreamland_Wax_Museum-Boston_Massachusetts.html","35","76 reviews","https://www.tripadvisor.com/Attractions-g60745-Activities-oa60-Boston_Massachusetts.html"
"Paul Revere Mall","Parks","https://www.tripadvisor.com/Attraction_Review-g60745-d481777-Reviews-Paul_Revere_Mall-Boston_Massachusetts.html","40","102 reviews","https://www.tripadvisor.com/Attractions-g60745-Activities-oa60-Boston_Massachusetts.html"
"Downtown Crossing","Neighborhoods","https://www.tripadvisor.com/Attraction_Review-g60745-d208217-Reviews-Downtown_Crossing-Boston_Massachusetts.html","35","178 reviews","https://www.tripadvisor.com/Attractions-g60745-Activities-oa60-Boston_Massachusetts.html"
"Peddocks Island","Islands","https://www.tripadvisor.com/Attraction_Review-g60745-d558276-Reviews-Peddocks_Island-Boston_Massachusetts.html","45","26 reviews","https://www.tripadvisor.com/Attractions-g60745-Activities-oa60-Boston_Massachusetts.html"
"Hynes Convention Center","Conference & Convention Centers","https://www.tripadvisor.com/Attraction_Review-g60745-d558286-Reviews-Hynes_Convention_Center-Boston_Massachusetts.html","40","105 reviews","https://www.tripadvisor.com/Attractions-g60745-Activities-oa60-Boston_Massachusetts.html"
"Leonard P. Zakim Bunker Hill Bridge","Bridges","https://www.tripadvisor.com/Attraction_Review-g60745-d268753-Reviews-Leonard_P_Zakim_Bunker_Hill_Bridge-Boston_Massachusetts.html","45","112 reviews","https://www.tripadvisor.com/Attractions-g60745-Activities-oa60-Boston_Massachusetts.html"
"The First Church of Christ, Scientist","Churches & Cathedrals","https://www.tripadvisor.com/Attraction_Review-g60745-d558289-Reviews-The_First_Church_of_Christ_Scientist-Boston_Massachusetts.html","45","107 reviews","https://www.tripadvisor.com/Attractions-g60745-Activities-oa60-Boston_Massachusetts.html"
"Beacon Street","Points of Interest & Landmarks","https://www.tripadvisor.com/Attraction_Review-g60745-d481782-Reviews-Beacon_Street-Boston_Massachusetts.html","45","78 reviews","https://www.tripadvisor.com/Attractions-g60745-Activities-oa60-Boston_Massachusetts.html"
"Haymarket Square","Historic Sites","https://www.tripadvisor.com/Attraction_Review-g60745-d8400868-Reviews-Haymarket_Square-Boston_Massachusetts.html","45","25 reviews","https://www.tripadvisor.com/Attractions-g60745-Activities-oa60-Boston_Massachusetts.html"
"Mary Baker Eddy Library","Specialty Museums","https://www.tripadvisor.com/Attraction_Review-g60745-d267724-Reviews-Mary_Baker_Eddy_Library-Boston_Massachusetts.html","45","77 reviews","https://www.tripadvisor.com/Attractions-g60745-Activities-oa60-Boston_Massachusetts.html"
"The Wilbur Theatre","Theaters","https://www.tripadvisor.com/Attraction_Review-g60745-d4318125-Reviews-The_Wilbur_Theatre-Boston_Massachusetts.html","35","131 reviews","https://www.tripadvisor.com/Attractions-g60745-Activities-oa60-Boston_Massachusetts.html"
"Making Way for Ducklings Statues","Monuments & Statues","https://www.tripadvisor.com/Attraction_Review-g60745-d8775984-Reviews-Making_Way_for_Ducklings_Statues-Boston_Massachusetts.html","40","58 reviews","https://www.tripadvisor.com/Attractions-g60745-Activities-oa60-Boston_Massachusetts.html"
"Metropolitan Waterworks Museum","Specialty Museums","https://www.tripadvisor.com/Attraction_Review-g60745-d2558520-Reviews-Metropolitan_Waterworks_Museum-Boston_Massachusetts.html","45","46 reviews","https://www.tripadvisor.com/Attractions-g60745-Activities-oa90-Boston_Massachusetts.html"
"Bay State Cruise Company","Ferries","https://www.tripadvisor.com/Attraction_Review-g60745-d8653697-Reviews-Bay_State_Cruise_Company-Boston_Massachusetts.html","45","39 reviews","https://www.tripadvisor.com/Attractions-g60745-Activities-oa90-Boston_Massachusetts.html"
"Museum of African American History","Specialty Museums","https://www.tripadvisor.com/Attraction_Review-g60745-d208224-Reviews-Museum_of_African_American_History-Boston_Massachusetts.html","45","64 reviews","https://www.tripadvisor.com/Attractions-g60745-Activities-oa90-Boston_Massachusetts.html"
"Emerson Colonial Theater","Theaters","https://www.tripadvisor.com/Attraction_Review-g60745-d105248-Reviews-Emerson_Colonial_Theater-Boston_Massachusetts.html","35","70 reviews","https://www.tripadvisor.com/Attractions-g60745-Activities-oa90-Boston_Massachusetts.html"
"Copp's Hill Burying Ground","Cemeteries","https://www.tripadvisor.com/Attraction_Review-g60745-d108749-Reviews-Copp_s_Hill_Burying_Ground-Boston_Massachusetts.html","40","179 reviews","https://www.tripadvisor.com/Attractions-g60745-Activities-oa90-Boston_Massachusetts.html"
"Delta Sky Club","Airport Lounges","https://www.tripadvisor.com/Attraction_Review-g60745-d10393600-Reviews-Delta_Sky_Club-Boston_Massachusetts.html","40","24 reviews","https://www.tripadvisor.com/Attractions-g60745-Activities-oa90-Boston_Massachusetts.html"
"Paul S. Russell, MD Museum of Medical History and Innovation at Massachusetts General Hospital","Specialty Museums","https://www.tripadvisor.com/Attraction_Review-g60745-d4586529-Reviews-Paul_S_Russell_MD_Museum_of_Medical_History_and_Innovation_at_Massachusetts_Genera.html","45","43 reviews","https://www.tripadvisor.com/Attractions-g60745-Activities-oa90-Boston_Massachusetts.html"
"Massachusetts Bay Transportation Authority - Subway System","Mass Transportation Systems","https://www.tripadvisor.com/Attraction_Review-g60745-d8052225-Reviews-Massachusetts_Bay_Transportation_Authority_Subway_System-Boston_Massachusetts.html","40","242 reviews","https://www.tripadvisor.com/Attractions-g60745-Activities-oa90-Boston_Massachusetts.html"
"James P Kelleher Rose Garden","Gardens","https://www.tripadvisor.com/Attraction_Review-g60745-d8471581-Reviews-James_P_Kelleher_Rose_Garden-Boston_Massachusetts.html","45","20 reviews","https://www.tripadvisor.com/Attractions-g60745-Activities-oa90-Boston_Massachusetts.html"
"Boston Ballet","Ballets","https://www.tripadvisor.com/Attraction_Review-g60745-d546522-Reviews-Boston_Ballet-Boston_Massachusetts.html","45","120 reviews","https://www.tripadvisor.com/Attractions-g60745-Activities-oa90-Boston_Massachusetts.html"
"Old City Hall","Historic Sites","https://www.tripadvisor.com/Attraction_Review-g60745-d108744-Reviews-Old_City_Hall-Boston_Massachusetts.html","40","106 reviews","https://www.tripadvisor.com/Attractions-g60745-Activities-oa90-Boston_Massachusetts.html"
"Jamaica Pond","Bodies of Water","https://www.tripadvisor.com/Attraction_Review-g60745-d559073-Reviews-Jamaica_Pond-Boston_Massachusetts.html","45","55 reviews","https://www.tripadvisor.com/Attractions-g60745-Activities-oa90-Boston_Massachusetts.html"
"Park Street Church","Historic Sites","https://www.tripadvisor.com/Attraction_Review-g60745-d108741-Reviews-Park_Street_Church-Boston_Massachusetts.html","40","128 reviews","https://www.tripadvisor.com/Attractions-g60745-Activities-oa90-Boston_Massachusetts.html"
"Piers Park","Bodies of Water","https://www.tripadvisor.com/Attraction_Review-g60745-d7983019-Reviews-Piers_Park-Boston_Massachusetts.html","45","26 reviews","https://www.tripadvisor.com/Attractions-g60745-Activities-oa90-Boston_Massachusetts.html"
"Boston Irish Famine Memorial","Monuments & Statues","https://www.tripadvisor.com/Attraction_Review-g60745-d1098339-Reviews-Boston_Irish_Famine_Memorial-Boston_Massachusetts.html","40","95 reviews","https://www.tripadvisor.com/Attractions-g60745-Activities-oa90-Boston_Massachusetts.html"
"Boston Fire Museum","Specialty Museums","https://www.tripadvisor.com/Attraction_Review-g60745-d3585363-Reviews-Boston_Fire_Museum-Boston_Massachusetts.html","45","32 reviews","https://www.tripadvisor.com/Attractions-g60745-Activities-oa90-Boston_Massachusetts.html"
"National Park Service Visitor Center","Visitor Centers","https://www.tripadvisor.com/Attraction_Review-g60745-d104823-Reviews-National_Park_Service_Visitor_Center-Boston_Massachusetts.html","45","85 reviews","https://www.tripadvisor.com/Attractions-g60745-Activities-oa90-Boston_Massachusetts.html"
"New Balance Factory Store","Factory Outlets","https://www.tripadvisor.com/Attraction_Review-g60745-d4572924-Reviews-New_Balance_Factory_Store-Boston_Massachusetts.html","45","25 reviews","https://www.tripadvisor.com/Attractions-g60745-Activities-oa90-Boston_Massachusetts.html"
"Ancient and Honorable Artillery Company Museum","History Museums","https://www.tripadvisor.com/Attraction_Review-g60745-d225775-Reviews-Ancient_and_Honorable_Artillery_Company_Museum-Boston_Massachusetts.html","50","30 reviews","https://www.tripadvisor.com/Attractions-g60745-Activities-oa90-Boston_Massachusetts.html"
"Jamaica Plain","Neighborhoods","https://www.tripadvisor.com/Attraction_Review-g60745-d559072-Reviews-Jamaica_Plain-Boston_Massachusetts.html","45","38 reviews","https://www.tripadvisor.com/Attractions-g60745-Activities-oa90-Boston_Massachusetts.html"
"Boston Common Visitor Center","Visitor Centers","https://www.tripadvisor.com/Attraction_Review-g60745-d108751-Reviews-Boston_Common_Visitor_Center-Boston_Massachusetts.html","35","79 reviews","https://www.tripadvisor.com/Attractions-g60745-Activities-oa90-Boston_Massachusetts.html"
"Brighton Music Hall","Theaters","https://www.tripadvisor.com/Attraction_Review-g60745-d4332479-Reviews-Brighton_Music_Hall-Boston_Massachusetts.html","45","26 reviews","https://www.tripadvisor.com/Attractions-g60745-Activities-oa90-Boston_Massachusetts.html"
"Arlington Street Church","Churches & Cathedrals","https://www.tripadvisor.com/Attraction_Review-g60745-d3314341-Reviews-Arlington_Street_Church-Boston_Massachusetts.html","45","42 reviews","https://www.tripadvisor.com/Attractions-g60745-Activities-oa90-Boston_Massachusetts.html"
"Statue of Benjamin Franklin","Monuments & Statues","https://www.tripadvisor.com/Attraction_Review-g60745-d108743-Reviews-Statue_of_Benjamin_Franklin-Boston_Massachusetts.html","40","122 reviews","https://www.tripadvisor.com/Attractions-g60745-Activities-oa90-Boston_Massachusetts.html"
"South End","Neighborhoods","https://www.tripadvisor.com/Attraction_Review-g60745-d558264-Reviews-South_End-Boston_Massachusetts.html","45","41 reviews","https://www.tripadvisor.com/Attractions-g60745-Activities-oa90-Boston_Massachusetts.html"
"Little Brewster Island and Lighthouse","Islands","https://www.tripadvisor.com/Attraction_Review-g60745-d548308-Reviews-Little_Brewster_Island_and_Lighthouse-Boston_Massachusetts.html","50","37 reviews","https://www.tripadvisor.com/Attractions-g60745-Activities-oa90-Boston_Massachusetts.html"
"Otis House","Historic Sites","https://www.tripadvisor.com/Attraction_Review-g60745-d144271-Reviews-Otis_House-Boston_Massachusetts.html","45","51 reviews","https://www.tripadvisor.com/Attractions-g60745-Activities-oa90-Boston_Massachusetts.html"
"New England Conservatory Jordan Hall","Theaters","https://www.tripadvisor.com/Attraction_Review-g60745-d2445693-Reviews-New_England_Conservatory_Jordan_Hall-Boston_Massachusetts.html","45","39 reviews","https://www.tripadvisor.com/Attractions-g60745-Activities-oa90-Boston_Massachusetts.html"
"MFA Boston","Art Museums","https://www.tripadvisor.com/Attraction_Review-g60745-d15579335-Reviews-MFA_Boston-Boston_Massachusetts.html","45","25 reviews","https://www.tripadvisor.com/Attractions-g60745-Activities-oa90-Boston_Massachusetts.html"
"Orpheum Theater","Theaters","https://www.tripadvisor.com/Attraction_Review-g60745-d553784-Reviews-Orpheum_Theater-Boston_Massachusetts.html","30","95 reviews","https://www.tripadvisor.com/Attractions-g60745-Activities-oa90-Boston_Massachusetts.html"
"George Washington Statue","Monuments & Statues","https://www.tripadvisor.com/Attraction_Review-g60745-d8790902-Reviews-George_Washington_Statue-Boston_Massachusetts.html","40","34 reviews","https://www.tripadvisor.com/Attractions-g60745-Activities-oa120-Boston_Massachusetts.html"
"Captain Jackson's Historic Chocolate","Points of Interest & Landmarks","https://www.tripadvisor.com/Attraction_Review-g60745-d4085930-Reviews-Captain_Jackson_s_Historic_Chocolate-Boston_Massachusetts.html","45","184 reviews","https://www.tripadvisor.com/Attractions-g60745-Activities-oa120-Boston_Massachusetts.html"
"The Sports Museum","Specialty Museums","https://www.tripadvisor.com/Attraction_Review-g60745-d133714-Reviews-The_Sports_Museum-Boston_Massachusetts.html","40","52 reviews","https://www.tripadvisor.com/Attractions-g60745-Activities-oa120-Boston_Massachusetts.html"
"Gibson House Museum","Historic Sites","https://www.tripadvisor.com/Attraction_Review-g60745-d142576-Reviews-Gibson_House_Museum-Boston_Massachusetts.html","45","63 reviews","https://www.tripadvisor.com/Attractions-g60745-Activities-oa120-Boston_Massachusetts.html"
"Fort Warren","Military Bases & Facilities","https://www.tripadvisor.com/Attraction_Review-g60745-d104570-Reviews-Fort_Warren-Boston_Massachusetts.html","45","28 reviews","https://www.tripadvisor.com/Attractions-g60745-Activities-oa120-Boston_Massachusetts.html"
"Rowes Wharf Water Transport","Ferries","https://www.tripadvisor.com/Attraction_Review-g60745-d8273265-Reviews-Rowes_Wharf_Water_Transport-Boston_Massachusetts.html","40","61 reviews","https://www.tripadvisor.com/Attractions-g60745-Activities-oa120-Boston_Massachusetts.html"
"The Fens","Nature & Wildlife Areas","https://www.tripadvisor.com/Attraction_Review-g60745-d147228-Reviews-The_Fens-Boston_Massachusetts.html","40","31 reviews","https://www.tripadvisor.com/Attractions-g60745-Activities-oa120-Boston_Massachusetts.html"
"King's Chapel Burial Ground","Cemeteries","https://www.tripadvisor.com/Attraction_Review-g60745-d8804485-Reviews-King_s_Chapel_Burial_Ground-Boston_Massachusetts.html","40","74 reviews","https://www.tripadvisor.com/Attractions-g60745-Activities-oa120-Boston_Massachusetts.html"
"Nichols House Museum","Historic Sites","https://www.tripadvisor.com/Attraction_Review-g60745-d319418-Reviews-Nichols_House_Museum-Boston_Massachusetts.html","45","60 reviews","https://www.tripadvisor.com/Attractions-g60745-Activities-oa120-Boston_Massachusetts.html"
"Downton Abbey The Exhibition","History Museums","https://www.tripadvisor.com/Attraction_Review-g60745-d17766891-Reviews-Downton_Abbey_The_Exhibition-Boston_Massachusetts.html","40","36 reviews","https://www.tripadvisor.com/Attractions-g60745-Activities-oa120-Boston_Massachusetts.html"
"Commonwealth Museum","History Museums","https://www.tripadvisor.com/Attraction_Review-g60745-d133861-Reviews-Commonwealth_Museum-Boston_Massachusetts.html","40","31 reviews","https://www.tripadvisor.com/Attractions-g60745-Activities-oa120-Boston_Massachusetts.html"
"Forest Hills Cemetery","Cemeteries","https://www.tripadvisor.com/Attraction_Review-g60745-d559055-Reviews-Forest_Hills_Cemetery-Boston_Massachusetts.html","45","23 reviews","https://www.tripadvisor.com/Attractions-g60745-Activities-oa120-Boston_Massachusetts.html"
"St. Stephen's Roman Catholic Church","Sacred & Religious Sites","https://www.tripadvisor.com/Attraction_Review-g60745-d106783-Reviews-St_Stephen_s_Roman_Catholic_Church-Boston_Massachusetts.html","40","39 reviews","https://www.tripadvisor.com/Attractions-g60745-Activities-oa120-Boston_Massachusetts.html"
"Church of the Covenant","Churches & Cathedrals","https://www.tripadvisor.com/Attraction_Review-g60745-d3569524-Reviews-Church_of_the_Covenant-Boston_Massachusetts.html","45","40 reviews","https://www.tripadvisor.com/Attractions-g60745-Activities-oa120-Boston_Massachusetts.html"
"Statue of Samuel Adams","Points of Interest & Landmarks","https://www.tripadvisor.com/Attraction_Review-g60745-d8804059-Reviews-Statue_of_Samuel_Adams-Boston_Massachusetts.html","40","45 reviews","https://www.tripadvisor.com/Attractions-g60745-Activities-oa120-Boston_Massachusetts.html"
"Thompson Island","Islands","https://www.tripadvisor.com/Attraction_Review-g60745-d279058-Reviews-Thompson_Island-Boston_Massachusetts.html","45","11 reviews","https://www.tripadvisor.com/Attractions-g60745-Activities-oa120-Boston_Massachusetts.html"
"Louisburg Square","Historic Walking Areas","https://www.tripadvisor.com/Attraction_Review-g60745-d481778-Reviews-Louisburg_Square-Boston_Massachusetts.html","40","26 reviews","https://www.tripadvisor.com/Attractions-g60745-Activities-oa120-Boston_Massachusetts.html"
"Dorchester Heights National Historic Site","Monuments & Statues","https://www.tripadvisor.com/Attraction_Review-g60745-d103640-Reviews-Dorchester_Heights_National_Historic_Site-Boston_Massachusetts.html","45","25 reviews","https://www.tripadvisor.com/Attractions-g60745-Activities-oa120-Boston_Massachusetts.html"
"World Trade Center Boston","Conference & Convention Centers","https://www.tripadvisor.com/Attraction_Review-g60745-d558268-Reviews-World_Trade_Center_Boston-Boston_Massachusetts.html","45","36 reviews","https://www.tripadvisor.com/Attractions-g60745-Activities-oa120-Boston_Massachusetts.html"
"Emerald Necklace","Parks","https://www.tripadvisor.com/Attraction_Review-g60745-d103109-Reviews-Emerald_Necklace-Boston_Massachusetts.html","45","17 reviews","https://www.tripadvisor.com/Attractions-g60745-Activities-oa120-Boston_Massachusetts.html"
"South Boston","Neighborhoods","https://www.tripadvisor.com/Attraction_Review-g60745-d103643-Reviews-South_Boston-Boston_Massachusetts.html","40","25 reviews","https://www.tripadvisor.com/Attractions-g60745-Activities-oa120-Boston_Massachusetts.html"
"Lyric Stage Company of Boston","Theaters","https://www.tripadvisor.com/Attraction_Review-g60745-d3224494-Reviews-Lyric_Stage_Company_of_Boston-Boston_Massachusetts.html","45","44 reviews","https://www.tripadvisor.com/Attractions-g60745-Activities-oa120-Boston_Massachusetts.html"
"Berklee College of Music","Educational sites","https://www.tripadvisor.com/Attraction_Review-g60745-d208219-Reviews-Berklee_College_of_Music-Boston_Massachusetts.html","45","38 reviews","https://www.tripadvisor.com/Attractions-g60745-Activities-oa120-Boston_Massachusetts.html"
"Air France Lounge","Airport Lounges","https://www.tripadvisor.com/Attraction_Review-g60745-d10393427-Reviews-Air_France_Lounge-Boston_Massachusetts.html","30","35 reviews","https://www.tripadvisor.com/Attractions-g60745-Activities-oa120-Boston_Massachusetts.html"
"Boston Common Carousel","Points of Interest & Landmarks","https://www.tripadvisor.com/Attraction_Review-g60745-d3519201-Reviews-Boston_Common_Carousel-Boston_Massachusetts.html","40","22 reviews","https://www.tripadvisor.com/Attractions-g60745-Activities-oa120-Boston_Massachusetts.html"
"Warrior Ice Arena","Sports Complexes","https://www.tripadvisor.com/Attraction_Review-g60745-d11611838-Reviews-Warrior_Ice_Arena-Boston_Massachusetts.html","45","11 reviews","https://www.tripadvisor.com/Attractions-g60745-Activities-oa120-Boston_Massachusetts.html"
"Boston Latin School","Points of Interest & Landmarks","https://www.tripadvisor.com/Attraction_Review-g60745-d2142784-Reviews-Boston_Latin_School-Boston_Massachusetts.html","40","43 reviews","https://www.tripadvisor.com/Attractions-g60745-Activities-oa120-Boston_Massachusetts.html"
"Agganis Arena","Arenas & Stadiums","https://www.tripadvisor.com/Attraction_Review-g60745-d11919109-Reviews-Agganis_Arena-Boston_Massachusetts.html","40","18 reviews","https://www.tripadvisor.com/Attractions-g60745-Activities-oa120-Boston_Massachusetts.html"
"Chestnut Hill Reservoir","Bodies of Water","https://www.tripadvisor.com/Attraction_Review-g60745-d2501125-Reviews-Chestnut_Hill_Reservoir-Boston_Massachusetts.html","40","32 reviews","https://www.tripadvisor.com/Attractions-g60745-Activities-oa120-Boston_Massachusetts.html"
"Bunker Hill Museum","History Museums","https://www.tripadvisor.com/Attraction_Review-g60745-d11829271-Reviews-Bunker_Hill_Museum-Boston_Massachusetts.html","40","31 reviews","https://www.tripadvisor.com/Attractions-g60745-Activities-oa120-Boston_Massachusetts.html"
"Boston Light","Lighthouses","https://www.tripadvisor.com/Attraction_Review-g60745-d107842-Reviews-Boston_Light-Boston_Massachusetts.html","50","19 reviews","https://www.tripadvisor.com/Attractions-g60745-Activities-oa150-Boston_Massachusetts.html"
"Belle Isle Marsh Reservation","Nature & Wildlife Areas","https://www.tripadvisor.com/Attraction_Review-g60745-d559059-Reviews-Belle_Isle_Marsh_Reservation-Boston_Massachusetts.html","45","11 reviews","https://www.tripadvisor.com/Attractions-g60745-Activities-oa150-Boston_Massachusetts.html"
"Massachusetts Bay Transportation Authority - Commuter Rail","Mass Transportation Systems","https://www.tripadvisor.com/Attraction_Review-g60745-d7906139-Reviews-Massachusetts_Bay_Transportation_Authority_Commuter_Rail-Boston_Massachusetts.html","35","47 reviews","https://www.tripadvisor.com/Attractions-g60745-Activities-oa150-Boston_Massachusetts.html"
"Warren Anatomical Museum","Specialty Museums","https://www.tripadvisor.com/Attraction_Review-g60745-d7224158-Reviews-Warren_Anatomical_Museum-Boston_Massachusetts.html","40","20 reviews","https://www.tripadvisor.com/Attractions-g60745-Activities-oa150-Boston_Massachusetts.html"
"Cathedral of the Holy Cross","Churches & Cathedrals","https://www.tripadvisor.com/Attraction_Review-g60745-d7110131-Reviews-Cathedral_of_the_Holy_Cross-Boston_Massachusetts.html","45","26 reviews","https://www.tripadvisor.com/Attractions-g60745-Activities-oa150-Boston_Massachusetts.html"
"Edgar Allan Poe Statue","Monuments & Statues","https://www.tripadvisor.com/Attraction_Review-g60745-d15121630-Reviews-Edgar_Allan_Poe_Statue-Boston_Massachusetts.html","40","9 reviews","https://www.tripadvisor.com/Attractions-g60745-Activities-oa150-Boston_Massachusetts.html"
"The West End Museum","Specialty Museums","https://www.tripadvisor.com/Attraction_Review-g60745-d3383709-Reviews-The_West_End_Museum-Boston_Massachusetts.html","45","25 reviews","https://www.tripadvisor.com/Attractions-g60745-Activities-oa150-Boston_Massachusetts.html"
"Dorchester Brewing Company","Breweries","https://www.tripadvisor.com/Attraction_Review-g60745-d10623256-Reviews-Dorchester_Brewing_Company-Boston_Massachusetts.html","45","21 reviews","https://www.tripadvisor.com/Attractions-g60745-Activities-oa150-Boston_Massachusetts.html"
"St. Leonard’s Church","Churches & Cathedrals","https://www.tripadvisor.com/Attraction_Review-g60745-d13810700-Reviews-St_Leonard_s_Church-Boston_Massachusetts.html","40","14 reviews","https://www.tripadvisor.com/Attractions-g60745-Activities-oa150-Boston_Massachusetts.html"
"Turtle Swamp Brewing","Breweries","https://www.tripadvisor.com/Attraction_Review-g60745-d12695083-Reviews-Turtle_Swamp_Brewing-Boston_Massachusetts.html","45","15 reviews","https://www.tripadvisor.com/Attractions-g60745-Activities-oa150-Boston_Massachusetts.html"
"The Vilna Shul","Historic Sites","https://www.tripadvisor.com/Attraction_Review-g60745-d1417982-Reviews-The_Vilna_Shul-Boston_Massachusetts.html","45","35 reviews","https://www.tripadvisor.com/Attractions-g60745-Activities-oa150-Boston_Massachusetts.html"
"Old Corner Bookstore","Historic Sites","https://www.tripadvisor.com/Attraction_Review-g60745-d108745-Reviews-Old_Corner_Bookstore-Boston_Massachusetts.html","30","24 reviews","https://www.tripadvisor.com/Attractions-g60745-Activities-oa150-Boston_Massachusetts.html"
"Shubert Theatre","Theaters","https://www.tripadvisor.com/Attraction_Review-g60745-d108822-Reviews-Shubert_Theatre-Boston_Massachusetts.html","40","38 reviews","https://www.tripadvisor.com/Attractions-g60745-Activities-oa150-Boston_Massachusetts.html"
"Independence Wharf","Marinas","https://www.tripadvisor.com/Attraction_Review-g60745-d8634101-Reviews-Independence_Wharf-Boston_Massachusetts.html","45","7 reviews","https://www.tripadvisor.com/Attractions-g60745-Activities-oa150-Boston_Massachusetts.html"
"Breed's Hill","Historic Sites","https://www.tripadvisor.com/Attraction_Review-g60745-d108069-Reviews-Breed_s_Hill-Boston_Massachusetts.html","40","23 reviews","https://www.tripadvisor.com/Attractions-g60745-Activities-oa150-Boston_Massachusetts.html"
"Constitution Beach","Beaches","https://www.tripadvisor.com/Attraction_Review-g60745-d8273098-Reviews-Constitution_Beach-Boston_Massachusetts.html","35","10 reviews","https://www.tripadvisor.com/Attractions-g60745-Activities-oa150-Boston_Massachusetts.html"
"Washington Street","Points of Interest & Landmarks","https://www.tripadvisor.com/Attraction_Review-g60745-d286509-Reviews-Washington_Street-Boston_Massachusetts.html","35","33 reviews","https://www.tripadvisor.com/Attractions-g60745-Activities-oa150-Boston_Massachusetts.html"
"United Club","Airport Lounges","https://www.tripadvisor.com/Attraction_Review-g60745-d10393437-Reviews-United_Club-Boston_Massachusetts.html","40","16 reviews","https://www.tripadvisor.com/Attractions-g60745-Activities-oa150-Boston_Massachusetts.html"
"The Christian Science Plaza","Points of Interest & Landmarks","https://www.tripadvisor.com/Attraction_Review-g60745-d13309760-Reviews-The_Christian_Science_Plaza-Boston_Massachusetts.html","40","8 reviews","https://www.tripadvisor.com/Attractions-g60745-Activities-oa150-Boston_Massachusetts.html"
"Franklin Park","Parks","https://www.tripadvisor.com/Attraction_Review-g60745-d1491099-Reviews-Franklin_Park-Boston_Massachusetts.html","45","8 reviews","https://www.tripadvisor.com/Attractions-g60745-Activities-oa150-Boston_Massachusetts.html"
"Carson Beach","Beaches","https://www.tripadvisor.com/Attraction_Review-g60745-d107849-Reviews-Carson_Beach-Boston_Massachusetts.html","30","10 reviews","https://www.tripadvisor.com/Attractions-g60745-Activities-oa150-Boston_Massachusetts.html"
"SoWa Art + Design District","Art Galleries","https://www.tripadvisor.com/Attraction_Review-g60745-d3224756-Reviews-SoWa_Art_Design_District-Boston_Massachusetts.html","40","32 reviews","https://www.tripadvisor.com/Attractions-g60745-Activities-oa150-Boston_Massachusetts.html"
"Shrine of Saint Anthony","Churches & Cathedrals","https://www.tripadvisor.com/Attraction_Review-g60745-d10382033-Reviews-Shrine_of_Saint_Anthony-Boston_Massachusetts.html","50","20 reviews","https://www.tripadvisor.com/Attractions-g60745-Activities-oa150-Boston_Massachusetts.html"
"Huntington Theatre","Theaters","https://www.tripadvisor.com/Attraction_Review-g60745-d2500460-Reviews-Huntington_Theatre-Boston_Massachusetts.html","45","49 reviews","https://www.tripadvisor.com/Attractions-g60745-Activities-oa150-Boston_Massachusetts.html"
"Robert Gould Shaw and the 54th Regiment Memorial","Monuments & Statues","https://www.tripadvisor.com/Attraction_Review-g60745-d15554676-Reviews-Robert_Gould_Shaw_and_the_54th_Regiment_Memorial-Boston_Massachusetts.html","50","9 reviews","https://www.tripadvisor.com/Attractions-g60745-Activities-oa150-Boston_Massachusetts.html"
"Emerson College","Educational sites","https://www.tripadvisor.com/Attraction_Review-g60745-d558283-Reviews-Emerson_College-Boston_Massachusetts.html","45","9 reviews","https://www.tripadvisor.com/Attractions-g60745-Activities-oa150-Boston_Massachusetts.html"
"Boston City Hall","Points of Interest & Landmarks","https://www.tripadvisor.com/Attraction_Review-g60745-d8809420-Reviews-Boston_City_Hall-Boston_Massachusetts.html","35","24 reviews","https://www.tripadvisor.com/Attractions-g60745-Activities-oa150-Boston_Massachusetts.html"
"Boston College Alumni Stadium","Arenas & Stadiums","https://www.tripadvisor.com/Attraction_Review-g60745-d12911364-Reviews-Boston_College_Alumni_Stadium-Boston_Massachusetts.html","35","13 reviews","https://www.tripadvisor.com/Attractions-g60745-Activities-oa150-Boston_Massachusetts.html"
"Larry Bird Plaque","Points of Interest & Landmarks","https://www.tripadvisor.com/Attraction_Review-g60745-d8811117-Reviews-Larry_Bird_Plaque-Boston_Massachusetts.html","35","12 reviews","https://www.tripadvisor.com/Attractions-g60745-Activities-oa150-Boston_Massachusetts.html"
"Boston Harbor Distillery","Distilleries","https://www.tripadvisor.com/Attraction_Review-g60745-d10065681-Reviews-Boston_Harbor_Distillery-Boston_Massachusetts.html","45","15 reviews","https://www.tripadvisor.com/Attractions-g60745-Activities-oa150-Boston_Massachusetts.html"
"Overseas Adventure Travel","Visitor Centers","https://www.tripadvisor.com/Attraction_Review-g60745-d17386312-Reviews-Overseas_Adventure_Travel-Boston_Massachusetts.html","30","23 reviews","https://www.tripadvisor.com/Attractions-g60745-Activities-oa180-Boston_Massachusetts.html"
"Northeastern University","Universities & Schools","https://www.tripadvisor.com/Attraction_Review-g60745-d13964037-Reviews-Northeastern_University-Boston_Massachusetts.html","50","4 reviews","https://www.tripadvisor.com/Attractions-g60745-Activities-oa180-Boston_Massachusetts.html"
"Kenmore Square","Points of Interest & Landmarks","https://www.tripadvisor.com/Attraction_Review-g60745-d481779-Reviews-Kenmore_Square-Boston_Massachusetts.html","35","25 reviews","https://www.tripadvisor.com/Attractions-g60745-Activities-oa180-Boston_Massachusetts.html"
"Statue of Red Auerbach","Points of Interest & Landmarks","https://www.tripadvisor.com/Attraction_Review-g60745-d8811115-Reviews-Statue_of_Red_Auerbach-Boston_Massachusetts.html","40","9 reviews","https://www.tripadvisor.com/Attractions-g60745-Activities-oa180-Boston_Massachusetts.html"
"GrandTen Distilling","Distilleries","https://www.tripadvisor.com/Attraction_Review-g60745-d4137966-Reviews-GrandTen_Distilling-Boston_Massachusetts.html","50","25 reviews","https://www.tripadvisor.com/Attractions-g60745-Activities-oa180-Boston_Massachusetts.html"
"Tortoise and Hare","Points of Interest & Landmarks","https://www.tripadvisor.com/Attraction_Review-g60745-d8803051-Reviews-Tortoise_and_Hare-Boston_Massachusetts.html","40","20 reviews","https://www.tripadvisor.com/Attractions-g60745-Activities-oa180-Boston_Massachusetts.html"
"Armenian Heritage Park on The Greenway","Parks","https://www.tripadvisor.com/Attraction_Review-g60745-d4955251-Reviews-Armenian_Heritage_Park_on_The_Greenway-Boston_Massachusetts.html","45","9 reviews","https://www.tripadvisor.com/Attractions-g60745-Activities-oa180-Boston_Massachusetts.html"
"Massachusetts Korean War Memorial","Monuments & Statues","https://www.tripadvisor.com/Attraction_Review-g60745-d7356350-Reviews-Massachusetts_Korean_War_Memorial-Boston_Massachusetts.html","45","12 reviews","https://www.tripadvisor.com/Attractions-g60745-Activities-oa180-Boston_Massachusetts.html"
"Cutler Majestic Theatre at Emerson College","Theaters","https://www.tripadvisor.com/Attraction_Review-g60745-d605380-Reviews-Cutler_Majestic_Theatre_at_Emerson_College-Boston_Massachusetts.html","45","32 reviews","https://www.tripadvisor.com/Attractions-g60745-Activities-oa180-Boston_Massachusetts.html"
"Eddie Bauer Outlet","Factory Outlets","https://www.tripadvisor.com/Attraction_Review-g60745-d2322132-Reviews-Eddie_Bauer_Outlet-Boston_Massachusetts.html","40","10 reviews","https://www.tripadvisor.com/Attractions-g60745-Activities-oa180-Boston_Massachusetts.html"
"The Art of Paul Pedulla","Art Galleries","https://www.tripadvisor.com/Attraction_Review-g60745-d15112415-Reviews-The_Art_of_Paul_Pedulla-Boston_Massachusetts.html","50","7 reviews","https://www.tripadvisor.com/Attractions-g60745-Activities-oa180-Boston_Massachusetts.html"
"Skinny House","Points of Interest & Landmarks","https://www.tripadvisor.com/Attraction_Review-g60745-d14988559-Reviews-Skinny_House-Boston_Massachusetts.html","45","6 reviews","https://www.tripadvisor.com/Attractions-g60745-Activities-oa180-Boston_Massachusetts.html"
"African Meeting House","Historic Sites","https://www.tripadvisor.com/Attraction_Review-g60745-d104815-Reviews-African_Meeting_House-Boston_Massachusetts.html","40","12 reviews","https://www.tripadvisor.com/Attractions-g60745-Activities-oa180-Boston_Massachusetts.html"
"Ayer Mansion","Points of Interest & Landmarks","https://www.tripadvisor.com/Attraction_Review-g60745-d11945762-Reviews-Ayer_Mansion-Boston_Massachusetts.html","45","6 reviews","https://www.tripadvisor.com/Attractions-g60745-Activities-oa180-Boston_Massachusetts.html"
"Boston University Observatory","Observatories & Planetariums","https://www.tripadvisor.com/Attraction_Review-g60745-d558304-Reviews-Boston_University_Observatory-Boston_Massachusetts.html","40","8 reviews","https://www.tripadvisor.com/Attractions-g60745-Activities-oa180-Boston_Massachusetts.html"
"New England Historic Genealogical Society","Libraries","https://www.tripadvisor.com/Attraction_Review-g60745-d10021357-Reviews-New_England_Historic_Genealogical_Society-Boston_Massachusetts.html","50","9 reviews","https://www.tripadvisor.com/Attractions-g60745-Activities-oa180-Boston_Massachusetts.html"
"Massachusetts Historical Society","Specialty Museums","https://www.tripadvisor.com/Attraction_Review-g60745-d7286655-Reviews-Massachusetts_Historical_Society-Boston_Massachusetts.html","45","10 reviews","https://www.tripadvisor.com/Attractions-g60745-Activities-oa180-Boston_Massachusetts.html"
"Tiffany Windows Education Center at Arlington Street Church","Points of Interest & Landmarks","https://www.tripadvisor.com/Attraction_Review-g60745-d14063601-Reviews-Tiffany_Windows_Education_Center_at_Arlington_Street_Church-Boston_Massachusetts.html","50","4 reviews","https://www.tripadvisor.com/Attractions-g60745-Activities-oa180-Boston_Massachusetts.html"
"Charlestown Bridge","Points of Interest & Landmarks","https://www.tripadvisor.com/Attraction_Review-g60745-d15291162-Reviews-Charlestown_Bridge-Boston_Massachusetts.html","45","7 reviews","https://www.tripadvisor.com/Attractions-g60745-Activities-oa180-Boston_Massachusetts.html"
"Boston Nature Center","Nature & Wildlife Areas","https://www.tripadvisor.com/Attraction_Review-g60745-d639919-Reviews-Boston_Nature_Center-Boston_Massachusetts.html","40","7 reviews","https://www.tripadvisor.com/Attractions-g60745-Activities-oa180-Boston_Massachusetts.html"
"Saint Leonard of Port Maurice","Sacred & Religious Sites","https://www.tripadvisor.com/Attraction_Review-g60745-d605119-Reviews-Saint_Leonard_of_Port_Maurice-Boston_Massachusetts.html","45","20 reviews","https://www.tripadvisor.com/Attractions-g60745-Activities-oa180-Boston_Massachusetts.html"
"Shirley-Eustis House","Historic Sites","https://www.tripadvisor.com/Attraction_Review-g60745-d563673-Reviews-Shirley_Eustis_House-Boston_Massachusetts.html","40","9 reviews","https://www.tripadvisor.com/Attractions-g60745-Activities-oa180-Boston_Massachusetts.html"
"Suffolk Downs","Horse Tracks","https://www.tripadvisor.com/Attraction_Review-g60745-d6963115-Reviews-Suffolk_Downs-Boston_Massachusetts.html","35","7 reviews","https://www.tripadvisor.com/Attractions-g60745-Activities-oa180-Boston_Massachusetts.html"
"McMullen Museum","Art Museums","https://www.tripadvisor.com/Attraction_Review-g60745-d216261-Reviews-McMullen_Museum-Boston_Massachusetts.html","40","30 reviews","https://www.tripadvisor.com/Attractions-g60745-Activities-oa180-Boston_Massachusetts.html"
"Basilica of Our Lady of Perpetual Help","Churches & Cathedrals","https://www.tripadvisor.com/Attraction_Review-g60745-d13502756-Reviews-Basilica_of_Our_Lady_of_Perpetual_Help-Boston_Massachusetts.html","45","3 reviews","https://www.tripadvisor.com/Attractions-g60745-Activities-oa180-Boston_Massachusetts.html"
"Society of Arts and Crafts","Art Galleries","https://www.tripadvisor.com/Attraction_Review-g60745-d216264-Reviews-Society_of_Arts_and_Crafts-Boston_Massachusetts.html","45","4 reviews","https://www.tripadvisor.com/Attractions-g60745-Activities-oa180-Boston_Massachusetts.html"
"WGBH","Points of Interest & Landmarks","https://www.tripadvisor.com/Attraction_Review-g60745-d1214770-Reviews-WGBH-Boston_Massachusetts.html","50","4 reviews","https://www.tripadvisor.com/Attractions-g60745-Activities-oa180-Boston_Massachusetts.html"
"9/11 Memorial","Monuments & Statues","https://www.tripadvisor.com/Attraction_Review-g60745-d12441242-Reviews-9_11_Memorial-Boston_Massachusetts.html","35","8 reviews","https://www.tripadvisor.com/Attractions-g60745-Activities-oa180-Boston_Massachusetts.html"
"Esplanade Playspace","Playgrounds","https://www.tripadvisor.com/Attraction_Review-g60745-d3519194-Reviews-Esplanade_Playspace-Boston_Massachusetts.html","45","6 reviews","https://www.tripadvisor.com/Attractions-g60745-Activities-oa180-Boston_Massachusetts.html"
"Berklee Performance Center","Theaters","https://www.tripadvisor.com/Attraction_Review-g60745-d606034-Reviews-Berklee_Performance_Center-Boston_Massachusetts.html","40","25 reviews","https://www.tripadvisor.com/Attractions-g60745-Activities-oa180-Boston_Massachusetts.html"
"Brewer Fountain","Monuments & Statues","https://www.tripadvisor.com/Attraction_Review-g60745-d8797143-Reviews-Brewer_Fountain-Boston_Massachusetts.html","40","16 reviews","https://www.tripadvisor.com/Attractions-g60745-Activities-oa210-Boston_Massachusetts.html"
"Government Center","Points of Interest & Landmarks","https://www.tripadvisor.com/Attraction_Review-g60745-d6398377-Reviews-Government_Center-Boston_Massachusetts.html","30","19 reviews","https://www.tripadvisor.com/Attractions-g60745-Activities-oa210-Boston_Massachusetts.html"
"John Singleton Copley Statue","Monuments & Statues","https://www.tripadvisor.com/Attraction_Review-g60745-d8837354-Reviews-John_Singleton_Copley_Statue-Boston_Massachusetts.html","35","14 reviews","https://www.tripadvisor.com/Attractions-g60745-Activities-oa210-Boston_Massachusetts.html"
"Ether Monument","Points of Interest & Landmarks","https://www.tripadvisor.com/Attraction_Review-g60745-d8804055-Reviews-Ether_Monument-Boston_Massachusetts.html","45","8 reviews","https://www.tripadvisor.com/Attractions-g60745-Activities-oa210-Boston_Massachusetts.html"
"Bobby Orr Statue","Monuments & Statues","https://www.tripadvisor.com/Attraction_Review-g60745-d15204275-Reviews-Bobby_Orr_Statue-Boston_Massachusetts.html","45","3 reviews","https://www.tripadvisor.com/Attractions-g60745-Activities-oa210-Boston_Massachusetts.html"
"Marine Park","Parks","https://www.tripadvisor.com/Attraction_Review-g60745-d107850-Reviews-Marine_Park-Boston_Massachusetts.html","45","7 reviews","https://www.tripadvisor.com/Attractions-g60745-Activities-oa210-Boston_Massachusetts.html"
"Southwest Corridor Park","Parks","https://www.tripadvisor.com/Attraction_Review-g60745-d13447324-Reviews-Southwest_Corridor_Park-Boston_Massachusetts.html","50","3 reviews","https://www.tripadvisor.com/Attractions-g60745-Activities-oa210-Boston_Massachusetts.html"
"Salada Tea Doors","Points of Interest & Landmarks","https://www.tripadvisor.com/Attraction_Review-g60745-d7134547-Reviews-Salada_Tea_Doors-Boston_Massachusetts.html","45","9 reviews","https://www.tripadvisor.com/Attractions-g60745-Activities-oa210-Boston_Massachusetts.html"
"Norman B. Leventhal Park","Parks","https://www.tripadvisor.com/Attraction_Review-g60745-d3549256-Reviews-Norman_B_Leventhal_Park-Boston_Massachusetts.html","45","20 reviews","https://www.tripadvisor.com/Attractions-g60745-Activities-oa210-Boston_Massachusetts.html"
"Kevin Hagen White Statue","Points of Interest & Landmarks","https://www.tripadvisor.com/Attraction_Review-g60745-d10461347-Reviews-Kevin_Hagen_White_Statue-Boston_Massachusetts.html","45","8 reviews","https://www.tripadvisor.com/Attractions-g60745-Activities-oa210-Boston_Massachusetts.html"
"City Square Park","Parks","https://www.tripadvisor.com/Attraction_Review-g60745-d8611681-Reviews-City_Square_Park-Boston_Massachusetts.html","40","11 reviews","https://www.tripadvisor.com/Attractions-g60745-Activities-oa210-Boston_Massachusetts.html"
"Langone Park","Playgrounds","https://www.tripadvisor.com/Attraction_Review-g60745-d11657482-Reviews-Langone_Park-Boston_Massachusetts.html","35","6 reviews","https://www.tripadvisor.com/Attractions-g60745-Activities-oa210-Boston_Massachusetts.html"
"Norman B. Leventhal Map Center","Specialty Museums","https://www.tripadvisor.com/Attraction_Review-g60745-d12081596-Reviews-Norman_B_Leventhal_Map_Center-Boston_Massachusetts.html","50","4 reviews","https://www.tripadvisor.com/Attractions-g60745-Activities-oa210-Boston_Massachusetts.html"
"H&M","Department Stores","https://www.tripadvisor.com/Attraction_Review-g60745-d606240-Reviews-H_M-Boston_Massachusetts.html","45","9 reviews","https://www.tripadvisor.com/Attractions-g60745-Activities-oa210-Boston_Massachusetts.html"
"First Church Boston","Points of Interest & Landmarks","https://www.tripadvisor.com/Attraction_Review-g60745-d15236645-Reviews-First_Church_Boston-Boston_Massachusetts.html","45","5 reviews","https://www.tripadvisor.com/Attractions-g60745-Activities-oa210-Boston_Massachusetts.html"
"Boston Center for the Arts","Theaters","https://www.tripadvisor.com/Attraction_Review-g60745-d606036-Reviews-Boston_Center_for_the_Arts-Boston_Massachusetts.html","40","12 reviews","https://www.tripadvisor.com/Attractions-g60745-Activities-oa210-Boston_Massachusetts.html"
"Lovell's Island","Islands","https://www.tripadvisor.com/Attraction_Review-g60745-d558291-Reviews-Lovell_s_Island-Boston_Massachusetts.html","40","3 reviews","https://www.tripadvisor.com/Attractions-g60745-Activities-oa210-Boston_Massachusetts.html"
"Vose Galleries of Boston","Art Galleries","https://www.tripadvisor.com/Attraction_Review-g60745-d548081-Reviews-Vose_Galleries_of_Boston-Boston_Massachusetts.html","45","7 reviews","https://www.tripadvisor.com/Attractions-g60745-Activities-oa210-Boston_Massachusetts.html"
"Boston Design Center","Art Galleries","https://www.tripadvisor.com/Attraction_Review-g60745-d663042-Reviews-Boston_Design_Center-Boston_Massachusetts.html","40","8 reviews","https://www.tripadvisor.com/Attractions-g60745-Activities-oa210-Boston_Massachusetts.html"
"Greek International Food Market","Farmers Markets","https://www.tripadvisor.com/Attraction_Review-g60745-d4742204-Reviews-Greek_International_Food_Market-Boston_Massachusetts.html","45","7 reviews","https://www.tripadvisor.com/Attractions-g60745-Activities-oa210-Boston_Massachusetts.html"
"BSA Space","Points of Interest & Landmarks","https://www.tripadvisor.com/Attraction_Review-g60745-d6375829-Reviews-BSA_Space-Boston_Massachusetts.html","45","9 reviews","https://www.tripadvisor.com/Attractions-g60745-Activities-oa210-Boston_Massachusetts.html"
"Central Burying Ground","Cemeteries","https://www.tripadvisor.com/Attraction_Review-g60745-d12895750-Reviews-Central_Burying_Ground-Boston_Massachusetts.html","40","8 reviews","https://www.tripadvisor.com/Attractions-g60745-Activities-oa210-Boston_Massachusetts.html"
"Boston African American National Historic Site","Historic Sites","https://www.tripadvisor.com/Attraction_Review-g60745-d106837-Reviews-Boston_African_American_National_Historic_Site-Boston_Massachusetts.html","45","13 reviews","https://www.tripadvisor.com/Attractions-g60745-Activities-oa210-Boston_Massachusetts.html"
"International Poster Gallery","Art Galleries","https://www.tripadvisor.com/Attraction_Review-g60745-d606253-Reviews-International_Poster_Gallery-Boston_Massachusetts.html","45","4 reviews","https://www.tripadvisor.com/Attractions-g60745-Activities-oa210-Boston_Massachusetts.html"
"Mugar Library","Libraries","https://www.tripadvisor.com/Attraction_Review-g60745-d273449-Reviews-Mugar_Library-Boston_Massachusetts.html","45","5 reviews","https://www.tripadvisor.com/Attractions-g60745-Activities-oa210-Boston_Massachusetts.html"
"Underground at Ink Block","Parks","https://www.tripadvisor.com/Attraction_Review-g60745-d15352894-Reviews-Underground_at_Ink_Block-Boston_Massachusetts.html","45","2 reviews","https://www.tripadvisor.com/Attractions-g60745-Activities-oa210-Boston_Massachusetts.html"
"Parkman Bandstand","Monuments & Statues","https://www.tripadvisor.com/Attraction_Review-g60745-d8797193-Reviews-Parkman_Bandstand-Boston_Massachusetts.html","35","8 reviews","https://www.tripadvisor.com/Attractions-g60745-Activities-oa210-Boston_Massachusetts.html"
"John Adams Courthouse","Specialty Museums","https://www.tripadvisor.com/Attraction_Review-g60745-d10660351-Reviews-John_Adams_Courthouse-Boston_Massachusetts.html","40","3 reviews","https://www.tripadvisor.com/Attractions-g60745-Activities-oa210-Boston_Massachusetts.html"
"William Hickling Prescott House","History Museums","https://www.tripadvisor.com/Attraction_Review-g60745-d7123008-Reviews-William_Hickling_Prescott_House-Boston_Massachusetts.html","40","6 reviews","https://www.tripadvisor.com/Attractions-g60745-Activities-oa210-Boston_Massachusetts.html"
"Harvard Stadium","Arenas & Stadiums","https://www.tripadvisor.com/Attraction_Review-g60745-d11867539-Reviews-Harvard_Stadium-Boston_Massachusetts.html","35","4 reviews","https://www.tripadvisor.com/Attractions-g60745-Activities-oa210-Boston_Massachusetts.html"
"Irish Heritage Trail","Historic Walking Areas","https://www.tripadvisor.com/Attraction_Review-g60745-d2587892-Reviews-Irish_Heritage_Trail-Boston_Massachusetts.html","45","5 reviews","https://www.tripadvisor.com/Attractions-g60745-Activities-oa240-Boston_Massachusetts.html"
"Rings Fountain","Fountains","https://www.tripadvisor.com/Attraction_Review-g60745-d15098496-Reviews-Rings_Fountain-Boston_Massachusetts.html","40","2 reviews","https://www.tripadvisor.com/Attractions-g60745-Activities-oa240-Boston_Massachusetts.html"
"Emerald Necklace Conservancy","Bodies of Water","https://www.tripadvisor.com/Attraction_Review-g60745-d10262546-Reviews-Emerald_Necklace_Conservancy-Boston_Massachusetts.html","45","4 reviews","https://www.tripadvisor.com/Attractions-g60745-Activities-oa240-Boston_Massachusetts.html"
"Gallops Island","Islands","https://www.tripadvisor.com/Attraction_Review-g60745-d558294-Reviews-Gallops_Island-Boston_Massachusetts.html","30","2 reviews","https://www.tripadvisor.com/Attractions-g60745-Activities-oa240-Boston_Massachusetts.html"
"Boston Soldiers and Sailors Monument","Historic Sites","https://www.tripadvisor.com/Attraction_Review-g60745-d16713013-Reviews-Boston_Soldiers_and_Sailors_Monument-Boston_Massachusetts.html","40","5 reviews","https://www.tripadvisor.com/Attractions-g60745-Activities-oa240-Boston_Massachusetts.html"
"Lo Presti Park","Playgrounds","https://www.tripadvisor.com/Attraction_Review-g60745-d8595655-Reviews-Lo_Presti_Park-Boston_Massachusetts.html","45","3 reviews","https://www.tripadvisor.com/Attractions-g60745-Activities-oa240-Boston_Massachusetts.html"
"Storrow Drive","Points of Interest & Landmarks","https://www.tripadvisor.com/Attraction_Review-g60745-d142763-Reviews-Storrow_Drive-Boston_Massachusetts.html","40","6 reviews","https://www.tripadvisor.com/Attractions-g60745-Activities-oa240-Boston_Massachusetts.html"
"World War II Memorial","Monuments & Statues","https://www.tripadvisor.com/Attraction_Review-g60745-d13481921-Reviews-World_War_II_Memorial-Boston_Massachusetts.html","45","3 reviews","https://www.tripadvisor.com/Attractions-g60745-Activities-oa240-Boston_Massachusetts.html"
"Boston Marathon Survivor Memorial","Points of Interest & Landmarks","https://www.tripadvisor.com/Attraction_Review-g60745-d18379881-Reviews-Boston_Marathon_Survivor_Memorial-Boston_Massachusetts.html","45","3 reviews","https://www.tripadvisor.com/Attractions-g60745-Activities-oa240-Boston_Massachusetts.html"
"South Station","Mass Transportation Systems","https://www.tripadvisor.com/Attraction_Review-g60745-d19060546-Reviews-South_Station-Boston_Massachusetts.html","50","2 reviews","https://www.tripadvisor.com/Attractions-g60745-Activities-oa240-Boston_Massachusetts.html"
"Vendome Hotel Fire Memorial","Points of Interest & Landmarks","https://www.tripadvisor.com/Attraction_Review-g60745-d8797218-Reviews-Vendome_Hotel_Fire_Memorial-Boston_Massachusetts.html","40","5 reviews","https://www.tripadvisor.com/Attractions-g60745-Activities-oa240-Boston_Massachusetts.html"
"Society of Arts and Crafts","Art Galleries","https://www.tripadvisor.com/Attraction_Review-g60745-d12319039-Reviews-Society_of_Arts_and_Crafts-Boston_Massachusetts.html","35","5 reviews","https://www.tripadvisor.com/Attractions-g60745-Activities-oa240-Boston_Massachusetts.html"
"Boston Lyric Opera","Operas","https://www.tripadvisor.com/Attraction_Review-g60745-d6463390-Reviews-Boston_Lyric_Opera-Boston_Massachusetts.html","45","4 reviews","https://www.tripadvisor.com/Attractions-g60745-Activities-oa240-Boston_Massachusetts.html"
"Pierce-Hichborn House","Historic Sites","https://www.tripadvisor.com/Attraction_Review-g60745-d104827-Reviews-Pierce_Hichborn_House-Boston_Massachusetts.html","40","5 reviews","https://www.tripadvisor.com/Attractions-g60745-Activities-oa240-Boston_Massachusetts.html"
"ISKCON Boston","Sacred & Religious Sites","https://www.tripadvisor.com/Attraction_Review-g60745-d3198859-Reviews-ISKCON_Boston-Boston_Massachusetts.html","45","4 reviews","https://www.tripadvisor.com/Attractions-g60745-Activities-oa240-Boston_Massachusetts.html"
"Boston Seaport","Neighborhoods","https://www.tripadvisor.com/Attraction_Review-g60745-d16787469-Reviews-Boston_Seaport-Boston_Massachusetts.html","50","1 review","https://www.tripadvisor.com/Attractions-g60745-Activities-oa240-Boston_Massachusetts.html"
"Harriet Tubman House","Historic Sites","https://www.tripadvisor.com/Attraction_Review-g60745-d558295-Reviews-Harriet_Tubman_House-Boston_Massachusetts.html","35","2 reviews","https://www.tripadvisor.com/Attractions-g60745-Activities-oa240-Boston_Massachusetts.html"
"The Castle at Boston University","Castles","https://www.tripadvisor.com/Attraction_Review-g60745-d4167201-Reviews-The_Castle_at_Boston_University-Boston_Massachusetts.html","45","7 reviews","https://www.tripadvisor.com/Attractions-g60745-Activities-oa240-Boston_Massachusetts.html"
"Rachel Revere Square","Points of Interest & Landmarks","https://www.tripadvisor.com/Attraction_Review-g60745-d13498506-Reviews-Rachel_Revere_Square-Boston_Massachusetts.html","35","5 reviews","https://www.tripadvisor.com/Attractions-g60745-Activities-oa240-Boston_Massachusetts.html"
"The Strand Theater","Theaters","https://www.tripadvisor.com/Attraction_Review-g60745-d8764827-Reviews-The_Strand_Theater-Boston_Massachusetts.html","45","5 reviews","https://www.tripadvisor.com/Attractions-g60745-Activities-oa240-Boston_Massachusetts.html"
"Emerson Paramount Center","Theaters","https://www.tripadvisor.com/Attraction_Review-g60745-d13442064-Reviews-Emerson_Paramount_Center-Boston_Massachusetts.html","45","3 reviews","https://www.tripadvisor.com/Attractions-g60745-Activities-oa240-Boston_Massachusetts.html"
"Ebenezer Hancock House","Points of Interest & Landmarks","https://www.tripadvisor.com/Attraction_Review-g60745-d7116662-Reviews-Ebenezer_Hancock_House-Boston_Massachusetts.html","25","5 reviews","https://www.tripadvisor.com/Attractions-g60745-Activities-oa240-Boston_Massachusetts.html"
"Loring-Greenough House","Points of Interest & Landmarks","https://www.tripadvisor.com/Attraction_Review-g60745-d10716534-Reviews-Loring_Greenough_House-Boston_Massachusetts.html","50","3 reviews","https://www.tripadvisor.com/Attractions-g60745-Activities-oa240-Boston_Massachusetts.html"
"Boston Waterboat Marina","Marinas","https://www.tripadvisor.com/Attraction_Review-g60745-d13482730-Reviews-Boston_Waterboat_Marina-Boston_Massachusetts.html","50","1 review","https://www.tripadvisor.com/Attractions-g60745-Activities-oa240-Boston_Massachusetts.html"
"Curley Memorial Plaza","Points of Interest & Landmarks","https://www.tripadvisor.com/Attraction_Review-g60745-d558266-Reviews-Curley_Memorial_Plaza-Boston_Massachusetts.html","35","7 reviews","https://www.tripadvisor.com/Attractions-g60745-Activities-oa240-Boston_Massachusetts.html"
"Robert Klein Gallery","Art Galleries","https://www.tripadvisor.com/Attraction_Review-g60745-d548124-Reviews-Robert_Klein_Gallery-Boston_Massachusetts.html","40","2 reviews","https://www.tripadvisor.com/Attractions-g60745-Activities-oa240-Boston_Massachusetts.html"
"Winthrop Park","Parks","https://www.tripadvisor.com/Attraction_Review-g60745-d108750-Reviews-Winthrop_Park-Boston_Massachusetts.html","35","3 reviews","https://www.tripadvisor.com/Attractions-g60745-Activities-oa240-Boston_Massachusetts.html"
"French Cultural Center","Libraries","https://www.tripadvisor.com/Attraction_Review-g60745-d279056-Reviews-French_Cultural_Center-Boston_Massachusetts.html","40","3 reviews","https://www.tripadvisor.com/Attractions-g60745-Activities-oa240-Boston_Massachusetts.html"
"Medal of Honor Park","Points of Interest & Landmarks","https://www.tripadvisor.com/Attraction_Review-g60745-d16726049-Reviews-Medal_of_Honor_Park-Boston_Massachusetts.html","40","1 review","https://www.tripadvisor.com/Attractions-g60745-Activities-oa240-Boston_Massachusetts.html"
"Newbury Fine Arts","Points of Interest & Landmarks","https://www.tripadvisor.com/Attraction_Review-g60745-d6107161-Reviews-Newbury_Fine_Arts-Boston_Massachusetts.html","45","3 reviews","https://www.tripadvisor.com/Attractions-g60745-Activities-oa240-Boston_Massachusetts.html"
"Tsai Performance Center","Theaters","https://www.tripadvisor.com/Attraction_Review-g60745-d14901767-Reviews-Tsai_Performance_Center-Boston_Massachusetts.html","45","2 reviews","https://www.tripadvisor.com/Attractions-g60745-Activities-oa270-Boston_Massachusetts.html"
"The Paulist Center","Churches & Cathedrals","https://www.tripadvisor.com/Attraction_Review-g60745-d14085724-Reviews-The_Paulist_Center-Boston_Massachusetts.html","35","2 reviews","https://www.tripadvisor.com/Attractions-g60745-Activities-oa270-Boston_Massachusetts.html"
"James Blake House","Historic Sites","https://www.tripadvisor.com/Attraction_Review-g60745-d10403220-Reviews-James_Blake_House-Boston_Massachusetts.html","40","2 reviews","https://www.tripadvisor.com/Attractions-g60745-Activities-oa270-Boston_Massachusetts.html"
"Russian Orthodox Church of the Holy Epiphany","Churches & Cathedrals","https://www.tripadvisor.com/Attraction_Review-g60745-d7023924-Reviews-Russian_Orthodox_Church_of_the_Holy_Epiphany-Boston_Massachusetts.html","50","2 reviews","https://www.tripadvisor.com/Attractions-g60745-Activities-oa270-Boston_Massachusetts.html"
"International Shoppes - Duty/Tax Free","Airport Shops","https://www.tripadvisor.com/Attraction_Review-g60745-d10393341-Reviews-International_Shoppes_Duty_Tax_Free-Boston_Massachusetts.html","10","2 reviews","https://www.tripadvisor.com/Attractions-g60745-Activities-oa270-Boston_Massachusetts.html"
"Back Bay Boxing Gym","Sports Camps & Clinics","https://www.tripadvisor.com/Attraction_Review-g60745-d12294622-Reviews-Back_Bay_Boxing_Gym-Boston_Massachusetts.html","50","1 review","https://www.tripadvisor.com/Attractions-g60745-Activities-oa270-Boston_Massachusetts.html"
"Tadeusz Kosciuszko Statue","Points of Interest & Landmarks","https://www.tripadvisor.com/Attraction_Review-g60745-d16746622-Reviews-Tadeusz_Kosciuszko_Statue-Boston_Massachusetts.html","35","2 reviews","https://www.tripadvisor.com/Attractions-g60745-Activities-oa270-Boston_Massachusetts.html"
"Bayside Expo Center","Conference & Convention Centers","https://www.tripadvisor.com/Attraction_Review-g60745-d558260-Reviews-Bayside_Expo_Center-Boston_Massachusetts.html","30","4 reviews","https://www.tripadvisor.com/Attractions-g60745-Activities-oa270-Boston_Massachusetts.html"
"The Guild of Boston Artists","Art Galleries","https://www.tripadvisor.com/Attraction_Review-g60745-d15519108-Reviews-The_Guild_of_Boston_Artists-Boston_Massachusetts.html","50","1 review","https://www.tripadvisor.com/Attractions-g60745-Activities-oa270-Boston_Massachusetts.html"
"Samuel Eliot Morison Statue","Monuments & Statues","https://www.tripadvisor.com/Attraction_Review-g60745-d8797229-Reviews-Samuel_Eliot_Morison_Statue-Boston_Massachusetts.html","40","3 reviews","https://www.tripadvisor.com/Attractions-g60745-Activities-oa270-Boston_Massachusetts.html"
"Grand Circle Gallery","Art Galleries","https://www.tripadvisor.com/Attraction_Review-g60745-d1876164-Reviews-Grand_Circle_Gallery-Boston_Massachusetts.html","35","4 reviews","https://www.tripadvisor.com/Attractions-g60745-Activities-oa270-Boston_Massachusetts.html"
"Emmanuel Church","Sacred & Religious Sites","https://www.tripadvisor.com/Attraction_Review-g60745-d1931219-Reviews-Emmanuel_Church-Boston_Massachusetts.html","45","8 reviews","https://www.tripadvisor.com/Attractions-g60745-Activities-oa270-Boston_Massachusetts.html"
"St. Clemens Shrine of the Eucharist","Points of Interest & Landmarks","https://www.tripadvisor.com/Attraction_Review-g60745-d19112595-Reviews-St_Clemens_Shrine_of_the_Eucharist-Boston_Massachusetts.html","50","1 review","https://www.tripadvisor.com/Attractions-g60745-Activities-oa270-Boston_Massachusetts.html"
"Old North Memorial Garden","Points of Interest & Landmarks","https://www.tripadvisor.com/Attraction_Review-g60745-d19139539-Reviews-Old_North_Memorial_Garden-Boston_Massachusetts.html","50","2 reviews","https://www.tripadvisor.com/Attractions-g60745-Activities-oa270-Boston_Massachusetts.html"
"Galerie d'Orsay","Art Galleries","https://www.tripadvisor.com/Attraction_Review-g60745-d12559614-Reviews-Galerie_d_Orsay-Boston_Massachusetts.html","45","3 reviews","https://www.tripadvisor.com/Attractions-g60745-Activities-oa270-Boston_Massachusetts.html"
"Frieda Garcia Park","Playgrounds","https://www.tripadvisor.com/Attraction_Review-g60745-d17427163-Reviews-Frieda_Garcia_Park-Boston_Massachusetts.html","50","1 review","https://www.tripadvisor.com/Attractions-g60745-Activities-oa270-Boston_Massachusetts.html"
"Matthews Arena","Arenas & Stadiums","https://www.tripadvisor.com/Attraction_Review-g60745-d9608889-Reviews-Matthews_Arena-Boston_Massachusetts.html","35","2 reviews","https://www.tripadvisor.com/Attractions-g60745-Activities-oa270-Boston_Massachusetts.html"
"International Shoppes - Duty/Tax Free","Airport Shops","https://www.tripadvisor.com/Attraction_Review-g60745-d10393359-Reviews-International_Shoppes_Duty_Tax_Free-Boston_Massachusetts.html","40","2 reviews","https://www.tripadvisor.com/Attractions-g60745-Activities-oa270-Boston_Massachusetts.html"
"Debby Krim Photography","Art Galleries","https://www.tripadvisor.com/Attraction_Review-g60745-d12512637-Reviews-Debby_Krim_Photography-Boston_Massachusetts.html","50","1 review","https://www.tripadvisor.com/Attractions-g60745-Activities-oa270-Boston_Massachusetts.html"
"Boston Public Library, West End Branch","Libraries","https://www.tripadvisor.com/Attraction_Review-g60745-d8129342-Reviews-Boston_Public_Library_West_End_Branch-Boston_Massachusetts.html","30","3 reviews","https://www.tripadvisor.com/Attractions-g60745-Activities-oa270-Boston_Massachusetts.html"
"Harriet Tubman Square","Parks","https://www.tripadvisor.com/Attraction_Review-g60745-d12387091-Reviews-Harriet_Tubman_Square-Boston_Massachusetts.html","35","3 reviews","https://www.tripadvisor.com/Attractions-g60745-Activities-oa270-Boston_Massachusetts.html"
"Backlash Beer","Breweries","https://www.tripadvisor.com/Attraction_Review-g60745-d15140833-Reviews-Backlash_Beer-Boston_Massachusetts.html","30","2 reviews","https://www.tripadvisor.com/Attractions-g60745-Activities-oa270-Boston_Massachusetts.html"
"Beacon Gallery","Art Galleries","https://www.tripadvisor.com/Attraction_Review-g60745-d12906036-Reviews-Beacon_Gallery-Boston_Massachusetts.html","50","1 review","https://www.tripadvisor.com/Attractions-g60745-Activities-oa270-Boston_Massachusetts.html"
"Handel and Haydn Society","Theaters","https://www.tripadvisor.com/Attraction_Review-g60745-d2549121-Reviews-Handel_and_Haydn_Society-Boston_Massachusetts.html","45","4 reviews","https://www.tripadvisor.com/Attractions-g60745-Activities-oa270-Boston_Massachusetts.html"
"All Saints Way","Sacred & Religious Sites","https://www.tripadvisor.com/Attraction_Review-g60745-d17381551-Reviews-All_Saints_Way-Boston_Massachusetts.html","50","1 review","https://www.tripadvisor.com/Attractions-g60745-Activities-oa270-Boston_Massachusetts.html"
"International Shoppes - Duty/Tax Free","Airport Shops","https://www.tripadvisor.com/Attraction_Review-g60745-d10393350-Reviews-International_Shoppes_Duty_Tax_Free-Boston_Massachusetts.html","40","2 reviews","https://www.tripadvisor.com/Attractions-g60745-Activities-oa270-Boston_Massachusetts.html"
"Statue of General Warren","Monuments & Statues","https://www.tripadvisor.com/Attraction_Review-g60745-d106781-Reviews-Statue_of_General_Warren-Boston_Massachusetts.html","30","8 reviews","https://www.tripadvisor.com/Attractions-g60745-Activities-oa270-Boston_Massachusetts.html"
"Tremont Temple Baptist Church","Points of Interest & Landmarks","https://www.tripadvisor.com/Attraction_Review-g60745-d16744043-Reviews-Tremont_Temple_Baptist_Church-Boston_Massachusetts.html","30","2 reviews","https://www.tripadvisor.com/Attractions-g60745-Activities-oa270-Boston_Massachusetts.html"
"Boston Public Library - East Boston Branch","Libraries","https://www.tripadvisor.com/Attraction_Review-g60745-d8142978-Reviews-Boston_Public_Library_East_Boston_Branch-Boston_Massachusetts.html","50","2 reviews","https://www.tripadvisor.com/Attractions-g60745-Activities-oa270-Boston_Massachusetts.html"
"Dewey Square Parks","Parks","https://www.tripadvisor.com/Attraction_Review-g60745-d8286816-Reviews-Dewey_Square_Parks-Boston_Massachusetts.html","40","3 reviews","https://www.tripadvisor.com/Attractions-g60745-Activities-oa270-Boston_Massachusetts.html"
"Charlestown Marina","Marinas","https://www.tripadvisor.com/Attraction_Review-g60745-d18927638-Reviews-Charlestown_Marina-Boston_Massachusetts.html","50","1 review","https://www.tripadvisor.com/Attractions-g60745-Activities-oa300-Boston_Massachusetts.html"
"Panopticon Gallery","Art Galleries","https://www.tripadvisor.com/Attraction_Review-g60745-d2196974-Reviews-Panopticon_Gallery-Boston_Massachusetts.html","45","2 reviews","https://www.tripadvisor.com/Attractions-g60745-Activities-oa300-Boston_Massachusetts.html"
"Massachusetts Bay Transportation Authority","Mass Transportation Systems","https://www.tripadvisor.com/Attraction_Review-g60745-d18379376-Reviews-Massachusetts_Bay_Transportation_Authority-Boston_Massachusetts.html","50","1 review","https://www.tripadvisor.com/Attractions-g60745-Activities-oa300-Boston_Massachusetts.html"
"Boston Public Library - Jamaica Plain Branch","Libraries","https://www.tripadvisor.com/Attraction_Review-g60745-d12453469-Reviews-Boston_Public_Library_Jamaica_Plain_Branch-Boston_Massachusetts.html","45","2 reviews","https://www.tripadvisor.com/Attractions-g60745-Activities-oa300-Boston_Massachusetts.html"
"Boston Conservatory Theatre","Theaters","https://www.tripadvisor.com/Attraction_Review-g60745-d10230821-Reviews-Boston_Conservatory_Theatre-Boston_Massachusetts.html","45","4 reviews","https://www.tripadvisor.com/Attractions-g60745-Activities-oa300-Boston_Massachusetts.html"
"Edward Everett Square","Points of Interest & Landmarks","https://www.tripadvisor.com/Attraction_Review-g60745-d10403219-Reviews-Edward_Everett_Square-Boston_Massachusetts.html","40","3 reviews","https://www.tripadvisor.com/Attractions-g60745-Activities-oa300-Boston_Massachusetts.html"
"Museum of the National Center of Afro American Artists","History Museums","https://www.tripadvisor.com/Attraction_Review-g60745-d2543125-Reviews-Museum_of_the_National_Center_of_Afro_American_Artists-Boston_Massachusetts.html","35","3 reviews","https://www.tripadvisor.com/Attractions-g60745-Activities-oa300-Boston_Massachusetts.html"
"Cityside Harbor Shuttle","Ferries","https://www.tripadvisor.com/Attraction_Review-g60745-d2179804-Reviews-Cityside_Harbor_Shuttle-Boston_Massachusetts.html","35","5 reviews","https://www.tripadvisor.com/Attractions-g60745-Activities-oa300-Boston_Massachusetts.html"
"Brodney Antiques and Jewelry","Antique Stores","https://www.tripadvisor.com/Attraction_Review-g60745-d12628413-Reviews-Brodney_Antiques_and_Jewelry-Boston_Massachusetts.html","45","2 reviews","https://www.tripadvisor.com/Attractions-g60745-Activities-oa300-Boston_Massachusetts.html"
"Major General Joseph Hooker","Monuments & Statues","https://www.tripadvisor.com/Attraction_Review-g60745-d15330013-Reviews-Major_General_Joseph_Hooker-Boston_Massachusetts.html","40","1 review","https://www.tripadvisor.com/Attractions-g60745-Activities-oa300-Boston_Massachusetts.html"
"Federal Reserve Bank Building","Points of Interest & Landmarks","https://www.tripadvisor.com/Attraction_Review-g60745-d19042809-Reviews-Federal_Reserve_Bank_Building-Boston_Massachusetts.html","40","1 review","https://www.tripadvisor.com/Attractions-g60745-Activities-oa300-Boston_Massachusetts.html"
"Wheelock Family Theatre","Theaters","https://www.tripadvisor.com/Attraction_Review-g60745-d10225514-Reviews-Wheelock_Family_Theatre-Boston_Massachusetts.html","30","2 reviews","https://www.tripadvisor.com/Attractions-g60745-Activities-oa300-Boston_Massachusetts.html"
"Church of the Advent","Churches & Cathedrals","https://www.tripadvisor.com/Attraction_Review-g60745-d7394535-Reviews-Church_of_the_Advent-Boston_Massachusetts.html","45","3 reviews","https://www.tripadvisor.com/Attractions-g60745-Activities-oa300-Boston_Massachusetts.html"
"Sacred Heart Church","Sacred & Religious Sites","https://www.tripadvisor.com/Attraction_Review-g60745-d18968014-Reviews-Sacred_Heart_Church-Boston_Massachusetts.html","40","1 review","https://www.tripadvisor.com/Attractions-g60745-Activities-oa300-Boston_Massachusetts.html"
"McCormick Gallery","Art Galleries","https://www.tripadvisor.com/Attraction_Review-g60745-d12432052-Reviews-McCormick_Gallery-Boston_Massachusetts.html","50","1 review","https://www.tripadvisor.com/Attractions-g60745-Activities-oa300-Boston_Massachusetts.html"
"Galleries at Thayer","Art Galleries","https://www.tripadvisor.com/Attraction_Review-g60745-d967138-Reviews-Galleries_at_Thayer-Boston_Massachusetts.html","50","1 review","https://www.tripadvisor.com/Attractions-g60745-Activities-oa300-Boston_Massachusetts.html"
"Madonna Queen of the Universe Shrine","Churches & Cathedrals","https://www.tripadvisor.com/Attraction_Review-g60745-d17704928-Reviews-Madonna_Queen_of_the_Universe_Shrine-Boston_Massachusetts.html","40","1 review","https://www.tripadvisor.com/Attractions-g60745-Activities-oa300-Boston_Massachusetts.html"
"Thomas J Butler Memorial Park","Parks","https://www.tripadvisor.com/Attraction_Review-g60745-d16745882-Reviews-Thomas_J_Butler_Memorial_Park-Boston_Massachusetts.html","30","1 review","https://www.tripadvisor.com/Attractions-g60745-Activities-oa300-Boston_Massachusetts.html"
"Bright Hockey Center","Arenas & Stadiums","https://www.tripadvisor.com/Attraction_Review-g60745-d8803698-Reviews-Bright_Hockey_Center-Boston_Massachusetts.html","50","1 review","https://www.tripadvisor.com/Attractions-g60745-Activities-oa300-Boston_Massachusetts.html"
"Old West Church","Churches & Cathedrals","https://www.tripadvisor.com/Attraction_Review-g60745-d7034702-Reviews-Old_West_Church-Boston_Massachusetts.html","35","2 reviews","https://www.tripadvisor.com/Attractions-g60745-Activities-oa300-Boston_Massachusetts.html"
"Dorchester North Burying Grounds","Cemeteries","https://www.tripadvisor.com/Attraction_Review-g60745-d10395524-Reviews-Dorchester_North_Burying_Grounds-Boston_Massachusetts.html","40","2 reviews","https://www.tripadvisor.com/Attractions-g60745-Activities-oa300-Boston_Massachusetts.html"
"Stoneman Playground","Playgrounds","https://www.tripadvisor.com/Attraction_Review-g60745-d3519200-Reviews-Stoneman_Playground-Boston_Massachusetts.html","40","1 review","https://www.tripadvisor.com/Attractions-g60745-Activities-oa300-Boston_Massachusetts.html"
"The Boston Stone","Points of Interest & Landmarks","https://www.tripadvisor.com/Attraction_Review-g60745-d15037845-Reviews-The_Boston_Stone-Boston_Massachusetts.html","30","1 review","https://www.tripadvisor.com/Attractions-g60745-Activities-oa300-Boston_Massachusetts.html"
"St Michael Cemetery","Cemeteries","https://www.tripadvisor.com/Attraction_Review-g60745-d8602452-Reviews-St_Michael_Cemetery-Boston_Massachusetts.html","40","1 review","https://www.tripadvisor.com/Attractions-g60745-Activities-oa300-Boston_Massachusetts.html"
"Nielsen Gallery","Art Galleries","https://www.tripadvisor.com/Attraction_Review-g60745-d548125-Reviews-Nielsen_Gallery-Boston_Massachusetts.html","50","1 review","https://www.tripadvisor.com/Attractions-g60745-Activities-oa300-Boston_Massachusetts.html"
"Round Corner House","Historic Sites","https://www.tripadvisor.com/Attraction_Review-g60745-d106777-Reviews-Round_Corner_House-Boston_Massachusetts.html","30","1 review","https://www.tripadvisor.com/Attractions-g60745-Activities-oa300-Boston_Massachusetts.html"
"Annunciation Greek Orthodox Cathedral of New England","Churches & Cathedrals","https://www.tripadvisor.com/Attraction_Review-g60745-d17652006-Reviews-Annunciation_Greek_Orthodox_Cathedral_of_New_England-Boston_Massachusetts.html","30","1 review","https://www.tripadvisor.com/Attractions-g60745-Activities-oa300-Boston_Massachusetts.html"
"Statue Charles Sumner","Points of Interest & Landmarks","https://www.tripadvisor.com/Attraction_Review-g60745-d16744386-Reviews-Statue_Charles_Sumner-Boston_Massachusetts.html","30","1 review","https://www.tripadvisor.com/Attractions-g60745-Activities-oa300-Boston_Massachusetts.html"
"Phillips School","Educational sites","https://www.tripadvisor.com/Attraction_Review-g60745-d214902-Reviews-Phillips_School-Boston_Massachusetts.html","30","1 review","https://www.tripadvisor.com/Attractions-g60745-Activities-oa300-Boston_Massachusetts.html"
"Crump McCole Seaport Art Gallery","Art Galleries","https://www.tripadvisor.com/Attraction_Review-g60745-d663045-Reviews-Crump_McCole_Seaport_Art_Gallery-Boston_Massachusetts.html","50","1 review","https://www.tripadvisor.com/Attractions-g60745-Activities-oa300-Boston_Massachusetts.html"
"Blackstone Square","Monuments & Statues","https://www.tripadvisor.com/Attraction_Review-g60745-d17605407-Reviews-Blackstone_Square-Boston_Massachusetts.html","30","1 review","https://www.tripadvisor.com/Attractions-g60745-Activities-oa330-Boston_Massachusetts.html"
"William Ellery Channing Statue","Monuments & Statues","https://www.tripadvisor.com/Attraction_Review-g60745-d16745895-Reviews-William_Ellery_Channing_Statue-Boston_Massachusetts.html","30","1 review","https://www.tripadvisor.com/Attractions-g60745-Activities-oa330-Boston_Massachusetts.html"
"Statler Park","Parks","https://www.tripadvisor.com/Attraction_Review-g60745-d17654857-Reviews-Statler_Park-Boston_Massachusetts.html","30","1 review","https://www.tripadvisor.com/Attractions-g60745-Activities-oa330-Boston_Massachusetts.html"
"Travel + Leisure","Airport Shops","https://www.tripadvisor.com/Attraction_Review-g60745-d10393542-Reviews-Travel_Leisure-Boston_Massachusetts.html","10","1 review","https://www.tripadvisor.com/Attractions-g60745-Activities-oa330-Boston_Massachusetts.html"
"Downtown Crossing","Shopping Malls","https://www.tripadvisor.com/Attraction_Review-g60745-d15641389-Reviews-Downtown_Crossing-Boston_Massachusetts.html","20","1 review","https://www.tripadvisor.com/Attractions-g60745-Activities-oa330-Boston_Massachusetts.html"
"Titus Sparrow Park","Parks","https://www.tripadvisor.com/Attraction_Review-g60745-d17654853-Reviews-Titus_Sparrow_Park-Boston_Massachusetts.html","30","1 review","https://www.tripadvisor.com/Attractions-g60745-Activities-oa330-Boston_Massachusetts.html"
"Boston University Bridge","Bridges","https://www.tripadvisor.com/Attraction_Review-g60745-d17636273-Reviews-Boston_University_Bridge-Boston_Massachusetts.html","30","1 review","https://www.tripadvisor.com/Attractions-g60745-Activities-oa330-Boston_Massachusetts.html"
"Hungarian monument","Monuments & Statues","https://www.tripadvisor.com/Attraction_Review-g60745-d19043246-Reviews-Hungarian_monument-Boston_Massachusetts.html",NA,NA,"https://www.tripadvisor.com/Attractions-g60745-Activities-oa330-Boston_Massachusetts.html"
"Winthrop Square","Points of Interest & Landmarks","https://www.tripadvisor.com/Attraction_Review-g60745-d18976627-Reviews-Winthrop_Square-Boston_Massachusetts.html",NA,NA,"https://www.tripadvisor.com/Attractions-g60745-Activities-oa330-Boston_Massachusetts.html"
"North Square Park","Parks","https://www.tripadvisor.com/Attraction_Review-g60745-d18968174-Reviews-North_Square_Park-Boston_Massachusetts.html",NA,NA,"https://www.tripadvisor.com/Attractions-g60745-Activities-oa330-Boston_Massachusetts.html"
"North Square Park","Points of Interest & Landmarks","https://www.tripadvisor.com/Attraction_Review-g60745-d18968167-Reviews-North_Square_Park-Boston_Massachusetts.html",NA,NA,"https://www.tripadvisor.com/Attractions-g60745-Activities-oa330-Boston_Massachusetts.html"
"The Cathedral Church of Saint Paul","Churches & Cathedrals","https://www.tripadvisor.com/Attraction_Review-g60745-d18968007-Reviews-The_Cathedral_Church_of_Saint_Paul-Boston_Massachusetts.html",NA,NA,"https://www.tripadvisor.com/Attractions-g60745-Activities-oa330-Boston_Massachusetts.html"
"Z-Gallery","Art Galleries","https://www.tripadvisor.com/Attraction_Review-g60745-d18716740-Reviews-Z_Gallery-Boston_Massachusetts.html",NA,NA,"https://www.tripadvisor.com/Attractions-g60745-Activities-oa330-Boston_Massachusetts.html"
"Massachusetts Bay Transportation Authority","Mass Transportation Systems","https://www.tripadvisor.com/Attraction_Review-g60745-d18312914-Reviews-Massachusetts_Bay_Transportation_Authority-Boston_Massachusetts.html",NA,NA,"https://www.tripadvisor.com/Attractions-g60745-Activities-oa330-Boston_Massachusetts.html"
"George Robert White Memorial","Monuments & Statues","https://www.tripadvisor.com/Attraction_Review-g60745-d17434519-Reviews-George_Robert_White_Memorial-Boston_Massachusetts.html",NA,NA,"https://www.tripadvisor.com/Attractions-g60745-Activities-oa330-Boston_Massachusetts.html"
"Allo Indoor Playground","Playgrounds","https://www.tripadvisor.com/Attraction_Review-g60745-d17381519-Reviews-Allo_Indoor_Playground-Boston_Massachusetts.html",NA,NA,"https://www.tripadvisor.com/Attractions-g60745-Activities-oa330-Boston_Massachusetts.html"
"A R E A","Art Galleries","https://www.tripadvisor.com/Attraction_Review-g60745-d16844227-Reviews-A_R_E_A-Boston_Massachusetts.html",NA,NA,"https://www.tripadvisor.com/Attractions-g60745-Activities-oa330-Boston_Massachusetts.html"
"234 Berkeley","Shopping Malls","https://www.tripadvisor.com/Attraction_Review-g60745-d16779820-Reviews-234_Berkeley-Boston_Massachusetts.html",NA,NA,"https://www.tripadvisor.com/Attractions-g60745-Activities-oa330-Boston_Massachusetts.html"
"New England Water Color Society","Art Galleries","https://www.tripadvisor.com/Attraction_Review-g60745-d16678139-Reviews-New_England_Water_Color_Society-Boston_Massachusetts.html",NA,NA,"https://www.tripadvisor.com/Attractions-g60745-Activities-oa330-Boston_Massachusetts.html"
"Thomas M. Menino Park","Parks","https://www.tripadvisor.com/Attraction_Review-g60745-d15354354-Reviews-Thomas_M_Menino_Park-Boston_Massachusetts.html",NA,NA,"https://www.tripadvisor.com/Attractions-g60745-Activities-oa330-Boston_Massachusetts.html"
"Peter Kelly Yoga","Sports Camps & Clinics","https://www.tripadvisor.com/Attraction_Review-g60745-d15224206-Reviews-Peter_Kelly_Yoga-Boston_Massachusetts.html",NA,NA,"https://www.tripadvisor.com/Attractions-g60745-Activities-oa330-Boston_Massachusetts.html"
"Restoration Resources","Antique Stores","https://www.tripadvisor.com/Attraction_Review-g60745-d13971964-Reviews-Restoration_Resources-Boston_Massachusetts.html",NA,NA,"https://www.tripadvisor.com/Attractions-g60745-Activities-oa330-Boston_Massachusetts.html"
"SoWa Power Station","Points of Interest & Landmarks","https://www.tripadvisor.com/Attraction_Review-g60745-d13459424-Reviews-SoWa_Power_Station-Boston_Massachusetts.html",NA,NA,"https://www.tripadvisor.com/Attractions-g60745-Activities-oa330-Boston_Massachusetts.html"
"Krakow Witkin Gallery","Art Galleries","https://www.tripadvisor.com/Attraction_Review-g60745-d12795373-Reviews-Krakow_Witkin_Gallery-Boston_Massachusetts.html",NA,NA,"https://www.tripadvisor.com/Attractions-g60745-Activities-oa330-Boston_Massachusetts.html"
"Nantucket Lightship/LV-112","Ships","https://www.tripadvisor.com/Attraction_Review-g60745-d12645632-Reviews-Nantucket_Lightship_LV_112-Boston_Massachusetts.html",NA,NA,"https://www.tripadvisor.com/Attractions-g60745-Activities-oa330-Boston_Massachusetts.html"
"Kingston Gallery","Art Galleries","https://www.tripadvisor.com/Attraction_Review-g60745-d12462760-Reviews-Kingston_Gallery-Boston_Massachusetts.html",NA,NA,"https://www.tripadvisor.com/Attractions-g60745-Activities-oa330-Boston_Massachusetts.html"
"Prospect Ciderworks","Breweries","https://www.tripadvisor.com/Attraction_Review-g60745-d12375334-Reviews-Prospect_Ciderworks-Boston_Massachusetts.html",NA,NA,"https://www.tripadvisor.com/Attractions-g60745-Activities-oa330-Boston_Massachusetts.html"
"Local Charm","Airport Shops","https://www.tripadvisor.com/Attraction_Review-g60745-d10393631-Reviews-Local_Charm-Boston_Massachusetts.html",NA,NA,"https://www.tripadvisor.com/Attractions-g60745-Activities-oa330-Boston_Massachusetts.html"
"Kiehl's","Airport Shops","https://www.tripadvisor.com/Attraction_Review-g60745-d10393568-Reviews-Kiehl_s-Boston_Massachusetts.html",NA,NA,"https://www.tripadvisor.com/Attractions-g60745-Activities-oa330-Boston_Massachusetts.html"
"Montblanc","Airport Shops","https://www.tripadvisor.com/Attraction_Review-g60745-d10393526-Reviews-Montblanc-Boston_Massachusetts.html",NA,NA,"https://www.tripadvisor.com/Attractions-g60745-Activities-oa330-Boston_Massachusetts.html"
